"","utterance","morphemecount","manual_morpheme_count","morpheme_diff","abs_morpheme_diff"
"1","<wa oh oh> = sings",7,3,4,4
"2","<wa oh oh> = sings",7,3,4,4
"3","<wa oh oh> = sings",7,3,4,4
"4","<wa oh oh> = sings",7,3,4,4
"5","do do do do",1,4,-3,3
"6","do do do do",1,4,-3,3
"7","do do do do",1,4,-3,3
"8","I have pictured xxx thinking about it",10,9,1,1
"9","just xxx the uh",5,4,1,1
"10","mmhm",2,2,0,0
"11","mmhm",2,2,0,0
"12","mmhm",2,2,0,0
"13","mmhm",2,2,0,0
"14","mmhm",2,2,0,0
"15","mmhm",2,2,0,0
"16","mmhm",2,2,0,0
"17","mmhm",2,2,0,0
"18","mmhm",2,2,0,0
"19","mmhm",2,2,0,0
"20","mmhm",2,2,0,0
"21","mmhm",2,2,0,0
"22","mmhm",2,2,0,0
"23","mmhm",2,2,0,0
"24","mmhm",2,2,0,0
"25","mmhm",2,2,0,0
"26","mmhm",2,2,0,0
"27","mmhm",2,2,0,0
"28","mmhm",2,2,0,0
"29","mmhm",2,2,0,0
"30","mmhm",2,2,0,0
"31","mmhm",2,2,0,0
"32","mmhm",2,2,0,0
"33","mmhm",2,2,0,0
"34","mmhm",2,2,0,0
"35","mmhm",2,2,0,0
"36","mmhm",2,2,0,0
"37","mmhm",2,2,0,0
"38","mmhm",2,2,0,0
"39","mmhm",2,2,0,0
"40","mmhm",2,2,0,0
"41","mmhm",2,2,0,0
"42","mmhm",2,2,0,0
"43","mmhm",2,2,0,0
"44","mmhm",2,2,0,0
"45","mmhm",2,2,0,0
"46","mmhm",2,2,0,0
"47","mmhm",2,2,0,0
"48","mmhm",2,2,0,0
"49","mmhm",2,2,0,0
"50","mmhm",2,2,0,0
"51","mmhm",2,2,0,0
"52","mmhm",2,2,0,0
"53","mmhm",2,2,0,0
"54","mmhm",2,2,0,0
"55","mmhm",2,2,0,0
"56","mmhm",2,2,0,0
"57","mmhm",2,2,0,0
"58","mmhm",2,2,0,0
"59","mmhm",2,2,0,0
"60","mmhm",2,2,0,0
"61","mmhm",2,2,0,0
"62","mmhm",2,2,0,0
"63","mmhm",2,2,0,0
"64","mmhm",2,2,0,0
"65","mmhm",2,2,0,0
"66","mmhm",2,2,0,0
"67","mmhm",2,2,0,0
"68","mmhm",2,2,0,0
"69","mmhm",2,2,0,0
"70","mmhm",2,2,0,0
"71","mmhm",2,2,0,0
"72","mmhm",2,2,0,0
"73","mmhm",2,2,0,0
"74","mmhm",2,2,0,0
"75","mmhm",2,2,0,0
"76","mmhm",2,2,0,0
"77","mmhm",2,2,0,0
"78","mmhm",2,2,0,0
"79","mmhm",2,2,0,0
"80","mmhm",2,2,0,0
"81","mmhm",2,2,0,0
"82","mmhm",2,2,0,0
"83","mmhm",2,2,0,0
"84","uh on the thirteenth of May",6,7,-1,1
"85","we have a couple more things to pick out like the xxx",14,13,1,1
"86","well I xxx at what",6,5,1,1
"87","your seasoning is probably giving you I like the seasoning",10,14,-4,4
"88","xxx look at but not so much on the weekends yeah",15,12,3,3
"89","xxx start the same minutes I thought they were at home",13,12,1,1
"90","I just listened to a story about a coin person",10,11,-1,1
"91","take your laptop and watch something from Amazon Prime",12,9,3,3
"92","hey hey do you want to go to xxx",8,9,-1,1
"93","oh it ended up getting like",8,8,0,0
"94","oh my gosh Bubby you did too much",10,8,2,2
"95","I think we we did a winner there",8,8,0,0
"96","you remember the snowman book you read",7,7,0,0
"97","can you show me a different xxx",8,7,1,1
"98","so you staying home for Christmas",7,7,0,0
"99","it really focuses right in",7,7,0,0
"100","Megan wants to come play",6,6,0,0
"101","right here I need my baba",6,6,0,0
"102","xxx one of my favorites",7,6,1,1
"103","why do we have to w",6,6,0,0
"104","you could be the pumpkin",5,5,0,0
"105","my brother and I were",5,5,0,0
"106","yeah that would be great",5,5,0,0
"107","the blue one right",4,4,0,0
"108","what else is there",4,4,0,0
"109","what else is there",4,4,0,0
"110","I love you enough",4,4,0,0
"111","have you heard",3,4,-1,1
"112","who is that",3,3,0,0
"113","who is that",3,3,0,0
"114","who is that",3,3,0,0
"115","who is that",3,3,0,0
"116","bang bang bang",1,3,-2,2
"117","something bit me",5,3,2,2
"118","on his feet",3,3,0,0
"119","also xxx",3,2,1,1
"120","chew chew",1,2,-1,1
"121","no no",1,2,-1,1
"122","no no",1,2,-1,1
"123","no no",1,2,-1,1
"124","no no",1,2,-1,1
"125","no no",1,2,-1,1
"126","no no",1,2,-1,1
"127","no no",1,2,-1,1
"128","no no",1,2,-1,1
"129","no no",1,2,-1,1
"130","no no",1,2,-1,1
"131","no no",1,2,-1,1
"132","no no",1,2,-1,1
"133","oh =laughs no",5,2,3,3
"134","oh no",2,2,0,0
"135","oh no",2,2,0,0
"136","oh no",2,2,0,0
"137","oh no",2,2,0,0
"138","oh no",2,2,0,0
"139","oh no",2,2,0,0
"140","oh no",2,2,0,0
"141","oh no",2,2,0,0
"142","oh no",2,2,0,0
"143","oh no",2,2,0,0
"144","oh no",2,2,0,0
"145","oh no",2,2,0,0
"146","screaming",2,2,0,0
"147","yes Daddy",3,2,1,1
"148","you done",2,2,0,0
"149","wakes",2,2,0,0
"150","oh no",2,2,0,0
"151","oh no",2,2,0,0
"152","oh no",2,2,0,0
"153","oh no",2,2,0,0
"154","oh no",2,2,0,0
"155","oh no",2,2,0,0
"156","oh no",2,2,0,0
"157","oh no",2,2,0,0
"158","oh no",2,2,0,0
"159","oh no",2,2,0,0
"160","oh no",2,2,0,0
"161","oh no",2,2,0,0
"162","two step",2,2,0,0
"163","yeah cookie",2,2,0,0
"164","Daddy xxx",4,2,2,2
"165","Daddy xxx",4,2,2,2
"166","oh jeez",4,2,2,2
"167","uh oh",2,2,0,0
"168","uh oh",2,2,0,0
"169","uh oh",2,2,0,0
"170","uh oh",2,2,0,0
"171","no",1,1,0,0
"172","no",1,1,0,0
"173","no",1,1,0,0
"174","no",1,1,0,0
"175","no",1,1,0,0
"176","no",1,1,0,0
"177","no",1,1,0,0
"178","no",1,1,0,0
"179","no",1,1,0,0
"180","no",1,1,0,0
"181","no",1,1,0,0
"182","no",1,1,0,0
"183","no",1,1,0,0
"184","no",1,1,0,0
"185","no",1,1,0,0
"186","no",1,1,0,0
"187","no",1,1,0,0
"188","no",1,1,0,0
"189","no",1,1,0,0
"190","no",1,1,0,0
"191","no",1,1,0,0
"192","no",1,1,0,0
"193","no",1,1,0,0
"194","no",1,1,0,0
"195","no",1,1,0,0
"196","no",1,1,0,0
"197","no",1,1,0,0
"198","no",1,1,0,0
"199","no",1,1,0,0
"200","no",1,1,0,0
"201","no",1,1,0,0
"202","no",1,1,0,0
"203","no",1,1,0,0
"204","no",1,1,0,0
"205","no",1,1,0,0
"206","no",1,1,0,0
"207","no",1,1,0,0
"208","no",1,1,0,0
"209","no",1,1,0,0
"210","no",1,1,0,0
"211","no",1,1,0,0
"212","no",1,1,0,0
"213","no",1,1,0,0
"214","no",1,1,0,0
"215","no",1,1,0,0
"216","no",1,1,0,0
"217","no",1,1,0,0
"218","no",1,1,0,0
"219","no",1,1,0,0
"220","no",1,1,0,0
"221","no",1,1,0,0
"222","no",1,1,0,0
"223","no",1,1,0,0
"224","no",1,1,0,0
"225","no",1,1,0,0
"226","no",1,1,0,0
"227","no",1,1,0,0
"228","no",1,1,0,0
"229","no",1,1,0,0
"230","no",1,1,0,0
"231","no",1,1,0,0
"232","no",1,1,0,0
"233","no",1,1,0,0
"234","no",1,1,0,0
"235","no",1,1,0,0
"236","no",1,1,0,0
"237","no",1,1,0,0
"238","no",1,1,0,0
"239","no",1,1,0,0
"240","no",1,1,0,0
"241","no",1,1,0,0
"242","no",1,1,0,0
"243","no",1,1,0,0
"244","no",1,1,0,0
"245","no",1,1,0,0
"246","no",1,1,0,0
"247","no",1,1,0,0
"248","no",1,1,0,0
"249","no",1,1,0,0
"250","no",1,1,0,0
"251","no",1,1,0,0
"252","no",1,1,0,0
"253","no",1,1,0,0
"254","no",1,1,0,0
"255","no",1,1,0,0
"256","no",1,1,0,0
"257","no",1,1,0,0
"258","no",1,1,0,0
"259","no",1,1,0,0
"260","no",1,1,0,0
"261","no",1,1,0,0
"262","no",1,1,0,0
"263","no",1,1,0,0
"264","no",1,1,0,0
"265","no",1,1,0,0
"266","no",1,1,0,0
"267","no",1,1,0,0
"268","no",1,1,0,0
"269","no",1,1,0,0
"270","no",1,1,0,0
"271","no",1,1,0,0
"272","no",1,1,0,0
"273","no",1,1,0,0
"274","no",1,1,0,0
"275","no",1,1,0,0
"276","no",1,1,0,0
"277","no",1,1,0,0
"278","no",1,1,0,0
"279","no",1,1,0,0
"280","no",1,1,0,0
"281","no",1,1,0,0
"282","no",1,1,0,0
"283","no",1,1,0,0
"284","no",1,1,0,0
"285","no",1,1,0,0
"286","no",1,1,0,0
"287","no",1,1,0,0
"288","no",1,1,0,0
"289","no",1,1,0,0
"290","no",1,1,0,0
"291","no",1,1,0,0
"292","no",1,1,0,0
"293","no",1,1,0,0
"294","no",1,1,0,0
"295","no",1,1,0,0
"296","no",1,1,0,0
"297","no",1,1,0,0
"298","no",1,1,0,0
"299","no",1,1,0,0
"300","no",1,1,0,0
"301","no",1,1,0,0
"302","no",1,1,0,0
"303","no",1,1,0,0
"304","no",1,1,0,0
"305","no",1,1,0,0
"306","no",1,1,0,0
"307","no",1,1,0,0
"308","no",1,1,0,0
"309","no",1,1,0,0
"310","no",1,1,0,0
"311","no",1,1,0,0
"312","no",1,1,0,0
"313","no",1,1,0,0
"314","no",1,1,0,0
"315","no",1,1,0,0
"316","no",1,1,0,0
"317","no",1,1,0,0
"318","no",1,1,0,0
"319","no",1,1,0,0
"320","no",1,1,0,0
"321","no",1,1,0,0
"322","no",1,1,0,0
"323","no",1,1,0,0
"324","no",1,1,0,0
"325","no",1,1,0,0
"326","no",1,1,0,0
"327","really",2,1,1,1
"328","really",2,1,1,1
"329","really",2,1,1,1
"330","really",2,1,1,1
"331","really",2,1,1,1
"332","really",2,1,1,1
"333","really",2,1,1,1
"334","really",2,1,1,1
"335","really",2,1,1,1
"336","really",2,1,1,1
"337","what",1,1,0,0
"338","what",1,1,0,0
"339","what",1,1,0,0
"340","what",1,1,0,0
"341","what",1,1,0,0
"342","what",1,1,0,0
"343","what",1,1,0,0
"344","what",1,1,0,0
"345","what",1,1,0,0
"346","what",1,1,0,0
"347","what",1,1,0,0
"348","what",1,1,0,0
"349","what",1,1,0,0
"350","what",1,1,0,0
"351","what",1,1,0,0
"352","what",1,1,0,0
"353","what",1,1,0,0
"354","what",1,1,0,0
"355","what",1,1,0,0
"356","what",1,1,0,0
"357","what",1,1,0,0
"358","what",1,1,0,0
"359","what",1,1,0,0
"360","what",1,1,0,0
"361","what",1,1,0,0
"362","what",1,1,0,0
"363","what",1,1,0,0
"364","what",1,1,0,0
"365","what",1,1,0,0
"366","what",1,1,0,0
"367","what",1,1,0,0
"368","what",1,1,0,0
"369","what",1,1,0,0
"370","what",1,1,0,0
"371","what",1,1,0,0
"372","what",1,1,0,0
"373","what",1,1,0,0
"374","what",1,1,0,0
"375","what",1,1,0,0
"376","what",1,1,0,0
"377","what",1,1,0,0
"378","what",1,1,0,0
"379","what",1,1,0,0
"380","what",1,1,0,0
"381","what",1,1,0,0
"382","what",1,1,0,0
"383","what",1,1,0,0
"384","what",1,1,0,0
"385","what",1,1,0,0
"386","what",1,1,0,0
"387","what",1,1,0,0
"388","what",1,1,0,0
"389","what",1,1,0,0
"390","what",1,1,0,0
"391","what",1,1,0,0
"392","what",1,1,0,0
"393","what",1,1,0,0
"394","what",1,1,0,0
"395","what",1,1,0,0
"396","what",1,1,0,0
"397","what",1,1,0,0
"398","what",1,1,0,0
"399","what",1,1,0,0
"400","what",1,1,0,0
"401","what",1,1,0,0
"402","what",1,1,0,0
"403","what",1,1,0,0
"404","what",1,1,0,0
"405","what",1,1,0,0
"406","what",1,1,0,0
"407","what",1,1,0,0
"408","what",1,1,0,0
"409","what",1,1,0,0
"410","what",1,1,0,0
"411","what",1,1,0,0
"412","what",1,1,0,0
"413","what",1,1,0,0
"414","what",1,1,0,0
"415","what",1,1,0,0
"416","what",1,1,0,0
"417","what",1,1,0,0
"418","what",1,1,0,0
"419","what",1,1,0,0
"420","what",1,1,0,0
"421","what",1,1,0,0
"422","what",1,1,0,0
"423","what",1,1,0,0
"424","what",1,1,0,0
"425","what",1,1,0,0
"426","what",1,1,0,0
"427","what",1,1,0,0
"428","what",1,1,0,0
"429","what",1,1,0,0
"430","what",1,1,0,0
"431","what",1,1,0,0
"432","what",1,1,0,0
"433","what",1,1,0,0
"434","what",1,1,0,0
"435","what",1,1,0,0
"436","what",1,1,0,0
"437","what",1,1,0,0
"438","what",1,1,0,0
"439","what",1,1,0,0
"440","what",1,1,0,0
"441","what",1,1,0,0
"442","what",1,1,0,0
"443","what",1,1,0,0
"444","what",1,1,0,0
"445","what",1,1,0,0
"446","what",1,1,0,0
"447","what",1,1,0,0
"448","what",1,1,0,0
"449","what",1,1,0,0
"450","what",1,1,0,0
"451","what",1,1,0,0
"452","what",1,1,0,0
"453","what",1,1,0,0
"454","what",1,1,0,0
"455","what",1,1,0,0
"456","what",1,1,0,0
"457","what",1,1,0,0
"458","what",1,1,0,0
"459","what",1,1,0,0
"460","what",1,1,0,0
"461","what",1,1,0,0
"462","what",1,1,0,0
"463","what",1,1,0,0
"464","what",1,1,0,0
"465","what",1,1,0,0
"466","what",1,1,0,0
"467","what",1,1,0,0
"468","what",1,1,0,0
"469","what",1,1,0,0
"470","what",1,1,0,0
"471","what",1,1,0,0
"472","what",1,1,0,0
"473","what",1,1,0,0
"474","what",1,1,0,0
"475","what",1,1,0,0
"476","what",1,1,0,0
"477","why",1,1,0,0
"478","why",1,1,0,0
"479","why",1,1,0,0
"480","why",1,1,0,0
"481","why",1,1,0,0
"482","why",1,1,0,0
"483","why",1,1,0,0
"484","why",1,1,0,0
"485","why",1,1,0,0
"486","why",1,1,0,0
"487","why",1,1,0,0
"488","why",1,1,0,0
"489","why",1,1,0,0
"490","why",1,1,0,0
"491","why",1,1,0,0
"492","why",1,1,0,0
"493","why",1,1,0,0
"494","why",1,1,0,0
"495","why",1,1,0,0
"496","why",1,1,0,0
"497","why",1,1,0,0
"498","yeah",1,1,0,0
"499","yeah",1,1,0,0
"500","yeah",1,1,0,0
"501","yeah",1,1,0,0
"502","yeah",1,1,0,0
"503","yeah",1,1,0,0
"504","yeah",1,1,0,0
"505","yeah",1,1,0,0
"506","yeah",1,1,0,0
"507","yeah",1,1,0,0
"508","yeah",1,1,0,0
"509","yeah",1,1,0,0
"510","yeah",1,1,0,0
"511","yeah",1,1,0,0
"512","yeah",1,1,0,0
"513","yeah",1,1,0,0
"514","yeah",1,1,0,0
"515","yeah",1,1,0,0
"516","yeah",1,1,0,0
"517","yeah",1,1,0,0
"518","yeah",1,1,0,0
"519","yeah",1,1,0,0
"520","yeah",1,1,0,0
"521","yeah",1,1,0,0
"522","yeah",1,1,0,0
"523","yeah",1,1,0,0
"524","yeah",1,1,0,0
"525","yeah",1,1,0,0
"526","yeah",1,1,0,0
"527","yeah",1,1,0,0
"528","yeah",1,1,0,0
"529","yeah",1,1,0,0
"530","yeah",1,1,0,0
"531","yeah",1,1,0,0
"532","yeah",1,1,0,0
"533","yeah",1,1,0,0
"534","yeah",1,1,0,0
"535","yeah",1,1,0,0
"536","yeah",1,1,0,0
"537","yeah",1,1,0,0
"538","yeah",1,1,0,0
"539","yeah",1,1,0,0
"540","yeah",1,1,0,0
"541","yeah",1,1,0,0
"542","yeah",1,1,0,0
"543","yeah",1,1,0,0
"544","yeah",1,1,0,0
"545","yeah",1,1,0,0
"546","yeah",1,1,0,0
"547","yeah",1,1,0,0
"548","yeah",1,1,0,0
"549","yeah",1,1,0,0
"550","yeah",1,1,0,0
"551","yeah",1,1,0,0
"552","yeah",1,1,0,0
"553","yeah",1,1,0,0
"554","yeah",1,1,0,0
"555","yeah",1,1,0,0
"556","yeah",1,1,0,0
"557","yeah",1,1,0,0
"558","yeah",1,1,0,0
"559","yeah",1,1,0,0
"560","yeah",1,1,0,0
"561","yeah",1,1,0,0
"562","yeah",1,1,0,0
"563","yeah",1,1,0,0
"564","yeah",1,1,0,0
"565","yeah",1,1,0,0
"566","yeah",1,1,0,0
"567","yeah",1,1,0,0
"568","yeah",1,1,0,0
"569","yeah",1,1,0,0
"570","yeah",1,1,0,0
"571","yeah",1,1,0,0
"572","yeah",1,1,0,0
"573","yeah",1,1,0,0
"574","yeah",1,1,0,0
"575","yeah",1,1,0,0
"576","yeah",1,1,0,0
"577","yeah",1,1,0,0
"578","yeah",1,1,0,0
"579","yeah",1,1,0,0
"580","yeah",1,1,0,0
"581","yeah",1,1,0,0
"582","yeah",1,1,0,0
"583","yeah",1,1,0,0
"584","yeah",1,1,0,0
"585","yeah",1,1,0,0
"586","yeah",1,1,0,0
"587","yeah",1,1,0,0
"588","yeah",1,1,0,0
"589","yeah",1,1,0,0
"590","yeah",1,1,0,0
"591","yeah",1,1,0,0
"592","yeah",1,1,0,0
"593","yeah",1,1,0,0
"594","yeah",1,1,0,0
"595","yeah",1,1,0,0
"596","yeah",1,1,0,0
"597","yeah",1,1,0,0
"598","yeah",1,1,0,0
"599","yeah",1,1,0,0
"600","yeah",1,1,0,0
"601","yeah",1,1,0,0
"602","yeah",1,1,0,0
"603","yeah",1,1,0,0
"604","yeah",1,1,0,0
"605","yeah",1,1,0,0
"606","yeah",1,1,0,0
"607","yeah",1,1,0,0
"608","yeah",1,1,0,0
"609","yeah",1,1,0,0
"610","yeah",1,1,0,0
"611","yeah",1,1,0,0
"612","yeah",1,1,0,0
"613","yeah",1,1,0,0
"614","yeah",1,1,0,0
"615","yeah",1,1,0,0
"616","yeah",1,1,0,0
"617","yeah",1,1,0,0
"618","yeah",1,1,0,0
"619","yeah",1,1,0,0
"620","yeah",1,1,0,0
"621","yeah",1,1,0,0
"622","yeah",1,1,0,0
"623","yeah",1,1,0,0
"624","yeah",1,1,0,0
"625","yeah",1,1,0,0
"626","yeah",1,1,0,0
"627","yeah",1,1,0,0
"628","yeah",1,1,0,0
"629","yeah",1,1,0,0
"630","yeah",1,1,0,0
"631","yeah",1,1,0,0
"632","yeah",1,1,0,0
"633","yeah",1,1,0,0
"634","yeah",1,1,0,0
"635","yeah",1,1,0,0
"636","yeah",1,1,0,0
"637","yeah",1,1,0,0
"638","yeah",1,1,0,0
"639","yeah",1,1,0,0
"640","yeah",1,1,0,0
"641","yeah",1,1,0,0
"642","yeah",1,1,0,0
"643","yeah",1,1,0,0
"644","yeah",1,1,0,0
"645","yeah",1,1,0,0
"646","yeah",1,1,0,0
"647","yeah",1,1,0,0
"648","yeah",1,1,0,0
"649","yeah",1,1,0,0
"650","yeah",1,1,0,0
"651","yeah",1,1,0,0
"652","yeah",1,1,0,0
"653","yeah",1,1,0,0
"654","yeah",1,1,0,0
"655","yeah",1,1,0,0
"656","yeah",1,1,0,0
"657","yeah",1,1,0,0
"658","yeah",1,1,0,0
"659","yeah",1,1,0,0
"660","yeah",1,1,0,0
"661","yeah",1,1,0,0
"662","yeah",1,1,0,0
"663","yeah",1,1,0,0
"664","yeah",1,1,0,0
"665","yeah",1,1,0,0
"666","yeah",1,1,0,0
"667","yeah",1,1,0,0
"668","yeah",1,1,0,0
"669","yeah",1,1,0,0
"670","yeah",1,1,0,0
"671","yeah",1,1,0,0
"672","yeah",1,1,0,0
"673","yeah",1,1,0,0
"674","yeah",1,1,0,0
"675","yeah",1,1,0,0
"676","yeah",1,1,0,0
"677","yeah",1,1,0,0
"678","yeah",1,1,0,0
"679","yeah",1,1,0,0
"680","yeah",1,1,0,0
"681","yeah",1,1,0,0
"682","yeah",1,1,0,0
"683","yeah",1,1,0,0
"684","yeah",1,1,0,0
"685","yeah",1,1,0,0
"686","yeah",1,1,0,0
"687","yeah",1,1,0,0
"688","yeah",1,1,0,0
"689","yeah",1,1,0,0
"690","yeah",1,1,0,0
"691","yeah",1,1,0,0
"692","yeah",1,1,0,0
"693","yeah",1,1,0,0
"694","yeah",1,1,0,0
"695","yeah",1,1,0,0
"696","yeah",1,1,0,0
"697","yeah",1,1,0,0
"698","yeah",1,1,0,0
"699","yeah",1,1,0,0
"700","yeah",1,1,0,0
"701","yeah",1,1,0,0
"702","yeah",1,1,0,0
"703","yeah",1,1,0,0
"704","yeah",1,1,0,0
"705","yeah",1,1,0,0
"706","yeah",1,1,0,0
"707","yeah",1,1,0,0
"708","yeah",1,1,0,0
"709","yeah",1,1,0,0
"710","yeah",1,1,0,0
"711","yeah",1,1,0,0
"712","yeah",1,1,0,0
"713","yeah",1,1,0,0
"714","yeah",1,1,0,0
"715","yeah",1,1,0,0
"716","yeah",1,1,0,0
"717","yeah",1,1,0,0
"718","yeah",1,1,0,0
"719","yeah",1,1,0,0
"720","yeah",1,1,0,0
"721","yeah",1,1,0,0
"722","yeah",1,1,0,0
"723","yeah",1,1,0,0
"724","yeah",1,1,0,0
"725","yeah",1,1,0,0
"726","yeah",1,1,0,0
"727","yeah",1,1,0,0
"728","yeah",1,1,0,0
"729","yeah",1,1,0,0
"730","yeah",1,1,0,0
"731","yeah",1,1,0,0
"732","yeah",1,1,0,0
"733","yeah",1,1,0,0
"734","yeah",1,1,0,0
"735","yeah",1,1,0,0
"736","yeah",1,1,0,0
"737","yeah",1,1,0,0
"738","yeah",1,1,0,0
"739","yeah",1,1,0,0
"740","yeah",1,1,0,0
"741","yeah",1,1,0,0
"742","yeah",1,1,0,0
"743","yeah",1,1,0,0
"744","yeah",1,1,0,0
"745","yeah",1,1,0,0
"746","yeah",1,1,0,0
"747","yeah",1,1,0,0
"748","yeah",1,1,0,0
"749","yeah",1,1,0,0
"750","yeah",1,1,0,0
"751","yeah",1,1,0,0
"752","yeah",1,1,0,0
"753","yeah",1,1,0,0
"754","yeah",1,1,0,0
"755","yeah",1,1,0,0
"756","yeah",1,1,0,0
"757","yeah",1,1,0,0
"758","yeah",1,1,0,0
"759","yeah",1,1,0,0
"760","yeah",1,1,0,0
"761","yeah",1,1,0,0
"762","yeah",1,1,0,0
"763","yeah",1,1,0,0
"764","yeah",1,1,0,0
"765","yeah",1,1,0,0
"766","yeah",1,1,0,0
"767","yeah",1,1,0,0
"768","yeah",1,1,0,0
"769","yeah",1,1,0,0
"770","yeah",1,1,0,0
"771","yeah",1,1,0,0
"772","yeah",1,1,0,0
"773","yeah",1,1,0,0
"774","yeah",1,1,0,0
"775","yeah",1,1,0,0
"776","yeah",1,1,0,0
"777","yeah",1,1,0,0
"778","yeah",1,1,0,0
"779","yeah",1,1,0,0
"780","yeah",1,1,0,0
"781","yeah",1,1,0,0
"782","yeah",1,1,0,0
"783","yeah",1,1,0,0
"784","yeah",1,1,0,0
"785","yeah",1,1,0,0
"786","yeah",1,1,0,0
"787","yeah",1,1,0,0
"788","yeah",1,1,0,0
"789","yeah",1,1,0,0
"790","yeah",1,1,0,0
"791","yeah",1,1,0,0
"792","yeah",1,1,0,0
"793","yeah",1,1,0,0
"794","yeah",1,1,0,0
"795","yeah",1,1,0,0
"796","yeah",1,1,0,0
"797","yeah",1,1,0,0
"798","yeah",1,1,0,0
"799","yeah",1,1,0,0
"800","yeah",1,1,0,0
"801","yeah",1,1,0,0
"802","yeah",1,1,0,0
"803","yeah",1,1,0,0
"804","yeah",1,1,0,0
"805","yeah",1,1,0,0
"806","yeah",1,1,0,0
"807","yeah",1,1,0,0
"808","yeah",1,1,0,0
"809","yeah",1,1,0,0
"810","yeah",1,1,0,0
"811","yeah",1,1,0,0
"812","yeah",1,1,0,0
"813","yeah",1,1,0,0
"814","yeah",1,1,0,0
"815","yeah",1,1,0,0
"816","yeah",1,1,0,0
"817","yeah",1,1,0,0
"818","yeah",1,1,0,0
"819","yeah",1,1,0,0
"820","yeah",1,1,0,0
"821","yeah",1,1,0,0
"822","yeah",1,1,0,0
"823","yeah",1,1,0,0
"824","yeah",1,1,0,0
"825","yeah",1,1,0,0
"826","yeah",1,1,0,0
"827","yeah",1,1,0,0
"828","yeah",1,1,0,0
"829","yeah",1,1,0,0
"830","yeah",1,1,0,0
"831","yeah",1,1,0,0
"832","yeah",1,1,0,0
"833","yeah",1,1,0,0
"834","yeah",1,1,0,0
"835","yeah",1,1,0,0
"836","yeah",1,1,0,0
"837","yeah",1,1,0,0
"838","yeah",1,1,0,0
"839","yeah",1,1,0,0
"840","yeah",1,1,0,0
"841","yeah",1,1,0,0
"842","yeah",1,1,0,0
"843","yeah",1,1,0,0
"844","yeah",1,1,0,0
"845","yeah",1,1,0,0
"846","yeah",1,1,0,0
"847","yeah",1,1,0,0
"848","yeah",1,1,0,0
"849","yeah",1,1,0,0
"850","yeah",1,1,0,0
"851","yeah",1,1,0,0
"852","yeah",1,1,0,0
"853","yeah",1,1,0,0
"854","yeah",1,1,0,0
"855","yeah",1,1,0,0
"856","yeah",1,1,0,0
"857","yeah",1,1,0,0
"858","yeah",1,1,0,0
"859","yeah",1,1,0,0
"860","yeah",1,1,0,0
"861","yeah",1,1,0,0
"862","yeah",1,1,0,0
"863","yeah",1,1,0,0
"864","yeah",1,1,0,0
"865","yeah",1,1,0,0
"866","yeah",1,1,0,0
"867","yeah",1,1,0,0
"868","yeah",1,1,0,0
"869","yeah",1,1,0,0
"870","yeah",1,1,0,0
"871","yeah",1,1,0,0
"872","yeah",1,1,0,0
"873","yeah",1,1,0,0
"874","yeah",1,1,0,0
"875","yeah",1,1,0,0
"876","yeah",1,1,0,0
"877","yeah",1,1,0,0
"878","yeah",1,1,0,0
"879","yeah",1,1,0,0
"880","yeah",1,1,0,0
"881","yeah",1,1,0,0
"882","yeah",1,1,0,0
"883","yeah",1,1,0,0
"884","yeah",1,1,0,0
"885","yeah",1,1,0,0
"886","yeah",1,1,0,0
"887","yeah",1,1,0,0
"888","yeah",1,1,0,0
"889","yeah",1,1,0,0
"890","yeah",1,1,0,0
"891","yeah",1,1,0,0
"892","yeah",1,1,0,0
"893","yeah",1,1,0,0
"894","yeah",1,1,0,0
"895","yeah",1,1,0,0
"896","yeah",1,1,0,0
"897","yeah",1,1,0,0
"898","yeah",1,1,0,0
"899","yeah",1,1,0,0
"900","yeah",1,1,0,0
"901","yeah",1,1,0,0
"902","yeah",1,1,0,0
"903","yeah",1,1,0,0
"904","yeah",1,1,0,0
"905","yeah",1,1,0,0
"906","yeah",1,1,0,0
"907","yeah",1,1,0,0
"908","yeah",1,1,0,0
"909","yeah",1,1,0,0
"910","yeah",1,1,0,0
"911","yeah",1,1,0,0
"912","yeah",1,1,0,0
"913","yeah",1,1,0,0
"914","yeah",1,1,0,0
"915","yeah",1,1,0,0
"916","yeah",1,1,0,0
"917","yeah",1,1,0,0
"918","yeah",1,1,0,0
"919","yeah",1,1,0,0
"920","yeah",1,1,0,0
"921","yeah",1,1,0,0
"922","yeah",1,1,0,0
"923","yeah",1,1,0,0
"924","yeah",1,1,0,0
"925","yeah",1,1,0,0
"926","yeah",1,1,0,0
"927","yeah",1,1,0,0
"928","yeah",1,1,0,0
"929","yeah",1,1,0,0
"930","yeah",1,1,0,0
"931","yeah",1,1,0,0
"932","yeah",1,1,0,0
"933","yeah",1,1,0,0
"934","yeah",1,1,0,0
"935","yeah",1,1,0,0
"936","yeah",1,1,0,0
"937","yeah",1,1,0,0
"938","yeah",1,1,0,0
"939","yeah",1,1,0,0
"940","yeah",1,1,0,0
"941","yeah",1,1,0,0
"942","yeah",1,1,0,0
"943","yeah",1,1,0,0
"944","yeah",1,1,0,0
"945","yeah",1,1,0,0
"946","yeah",1,1,0,0
"947","yeah",1,1,0,0
"948","yeah",1,1,0,0
"949","yeah",1,1,0,0
"950","yeah",1,1,0,0
"951","yeah",1,1,0,0
"952","yeah",1,1,0,0
"953","yeah",1,1,0,0
"954","yeah",1,1,0,0
"955","yeah",1,1,0,0
"956","yeah",1,1,0,0
"957","yeah",1,1,0,0
"958","yeah",1,1,0,0
"959","yeah",1,1,0,0
"960","yeah",1,1,0,0
"961","yeah",1,1,0,0
"962","yeah",1,1,0,0
"963","yeah",1,1,0,0
"964","yeah",1,1,0,0
"965","yeah",1,1,0,0
"966","yeah",1,1,0,0
"967","yeah",1,1,0,0
"968","yeah",1,1,0,0
"969","yeah",1,1,0,0
"970","yeah",1,1,0,0
"971","yeah",1,1,0,0
"972","yeah",1,1,0,0
"973","yeah",1,1,0,0
"974","yeah",1,1,0,0
"975","yeah",1,1,0,0
"976","yeah",1,1,0,0
"977","yeah",1,1,0,0
"978","yeah",1,1,0,0
"979","yeah",1,1,0,0
"980","yeah",1,1,0,0
"981","yeah",1,1,0,0
"982","yeah",1,1,0,0
"983","yeah",1,1,0,0
"984","yeah",1,1,0,0
"985","yeah",1,1,0,0
"986","yeah",1,1,0,0
"987","yeah",1,1,0,0
"988","yeah",1,1,0,0
"989","yeah",1,1,0,0
"990","yeah",1,1,0,0
"991","yeah",1,1,0,0
"992","yeah",1,1,0,0
"993","yeah",1,1,0,0
"994","yeah",1,1,0,0
"995","yeah",1,1,0,0
"996","yeah",1,1,0,0
"997","yeah",1,1,0,0
"998","yeah",1,1,0,0
"999","yeah",1,1,0,0
"1000","yeah",1,1,0,0
"1001","yeah",1,1,0,0
"1002","yeah",1,1,0,0
"1003","yeah",1,1,0,0
"1004","yeah",1,1,0,0
"1005","yeah",1,1,0,0
"1006","yeah",1,1,0,0
"1007","yeah",1,1,0,0
"1008","yeah",1,1,0,0
"1009","yeah",1,1,0,0
"1010","yeah",1,1,0,0
"1011","yeah",1,1,0,0
"1012","yeah",1,1,0,0
"1013","yeah",1,1,0,0
"1014","yeah",1,1,0,0
"1015","yeah",1,1,0,0
"1016","yeah",1,1,0,0
"1017","yeah",1,1,0,0
"1018","yeah",1,1,0,0
"1019","yeah",1,1,0,0
"1020","yeah",1,1,0,0
"1021","yeah",1,1,0,0
"1022","yeah",1,1,0,0
"1023","yeah",1,1,0,0
"1024","yeah",1,1,0,0
"1025","yeah",1,1,0,0
"1026","yeah",1,1,0,0
"1027","yeah",1,1,0,0
"1028","yeah",1,1,0,0
"1029","yeah",1,1,0,0
"1030","yeah",1,1,0,0
"1031","yeah",1,1,0,0
"1032","yeah",1,1,0,0
"1033","yeah",1,1,0,0
"1034","yeah",1,1,0,0
"1035","yeah",1,1,0,0
"1036","yeah",1,1,0,0
"1037","yeah",1,1,0,0
"1038","yeah",1,1,0,0
"1039","yeah",1,1,0,0
"1040","yeah",1,1,0,0
"1041","yeah",1,1,0,0
"1042","yeah",1,1,0,0
"1043","yeah",1,1,0,0
"1044","yeah",1,1,0,0
"1045","yeah",1,1,0,0
"1046","yeah",1,1,0,0
"1047","yeah",1,1,0,0
"1048","yeah",1,1,0,0
"1049","yeah",1,1,0,0
"1050","yeah",1,1,0,0
"1051","yeah",1,1,0,0
"1052","yeah",1,1,0,0
"1053","yeah",1,1,0,0
"1054","yeah",1,1,0,0
"1055","yeah",1,1,0,0
"1056","yeah",1,1,0,0
"1057","yeah",1,1,0,0
"1058","yeah",1,1,0,0
"1059","yeah",1,1,0,0
"1060","yeah",1,1,0,0
"1061","yeah",1,1,0,0
"1062","yeah",1,1,0,0
"1063","yeah",1,1,0,0
"1064","yeah",1,1,0,0
"1065","yeah",1,1,0,0
"1066","yeah",1,1,0,0
"1067","yeah",1,1,0,0
"1068","yeah",1,1,0,0
"1069","yeah",1,1,0,0
"1070","yeah",1,1,0,0
"1071","yeah",1,1,0,0
"1072","yeah",1,1,0,0
"1073","yeah",1,1,0,0
"1074","yeah",1,1,0,0
"1075","yeah",1,1,0,0
"1076","yeah",1,1,0,0
"1077","yeah",1,1,0,0
"1078","yeah",1,1,0,0
"1079","yeah",1,1,0,0
"1080","yeah",1,1,0,0
"1081","yeah",1,1,0,0
"1082","yeah",1,1,0,0
"1083","yeah",1,1,0,0
"1084","yeah",1,1,0,0
"1085","yeah",1,1,0,0
"1086","yeah",1,1,0,0
"1087","yeah",1,1,0,0
"1088","yeah",1,1,0,0
"1089","yeah",1,1,0,0
"1090","yeah",1,1,0,0
"1091","yeah",1,1,0,0
"1092","yeah",1,1,0,0
"1093","yeah",1,1,0,0
"1094","yeah",1,1,0,0
"1095","yeah",1,1,0,0
"1096","yeah",1,1,0,0
"1097","yeah",1,1,0,0
"1098","yeah",1,1,0,0
"1099","yeah",1,1,0,0
"1100","yeah",1,1,0,0
"1101","yeah",1,1,0,0
"1102","yeah",1,1,0,0
"1103","yeah",1,1,0,0
"1104","yeah",1,1,0,0
"1105","yeah",1,1,0,0
"1106","yeah",1,1,0,0
"1107","yeah",1,1,0,0
"1108","yeah",1,1,0,0
"1109","yeah",1,1,0,0
"1110","yeah",1,1,0,0
"1111","yeah",1,1,0,0
"1112","yeah",1,1,0,0
"1113","yeah",1,1,0,0
"1114","yeah",1,1,0,0
"1115","yeah",1,1,0,0
"1116","yeah",1,1,0,0
"1117","yeah",1,1,0,0
"1118","yeah",1,1,0,0
"1119","yeah",1,1,0,0
"1120","yeah",1,1,0,0
"1121","yeah",1,1,0,0
"1122","yeah",1,1,0,0
"1123","yeah",1,1,0,0
"1124","yeah",1,1,0,0
"1125","yeah",1,1,0,0
"1126","yeah",1,1,0,0
"1127","yeah",1,1,0,0
"1128","yeah",1,1,0,0
"1129","yeah",1,1,0,0
"1130","yeah",1,1,0,0
"1131","yeah",1,1,0,0
"1132","yeah",1,1,0,0
"1133","yeah",1,1,0,0
"1134","yeah",1,1,0,0
"1135","yeah",1,1,0,0
"1136","yeah",1,1,0,0
"1137","yeah",1,1,0,0
"1138","yeah",1,1,0,0
"1139","yeah",1,1,0,0
"1140","yeah",1,1,0,0
"1141","yeah",1,1,0,0
"1142","yeah",1,1,0,0
"1143","yeah",1,1,0,0
"1144","yeah",1,1,0,0
"1145","yeah",1,1,0,0
"1146","yeah",1,1,0,0
"1147","yeah",1,1,0,0
"1148","yeah",1,1,0,0
"1149","yeah",1,1,0,0
"1150","yeah",1,1,0,0
"1151","yeah",1,1,0,0
"1152","yeah",1,1,0,0
"1153","yeah",1,1,0,0
"1154","yeah",1,1,0,0
"1155","yeah",1,1,0,0
"1156","yeah",1,1,0,0
"1157","yeah",1,1,0,0
"1158","yeah",1,1,0,0
"1159","yeah",1,1,0,0
"1160","yeah",1,1,0,0
"1161","yeah",1,1,0,0
"1162","yeah",1,1,0,0
"1163","yeah",1,1,0,0
"1164","yeah",1,1,0,0
"1165","yeah",1,1,0,0
"1166","yeah",1,1,0,0
"1167","yeah",1,1,0,0
"1168","yeah",1,1,0,0
"1169","yeah",1,1,0,0
"1170","yeah",1,1,0,0
"1171","yeah",1,1,0,0
"1172","yeah",1,1,0,0
"1173","yeah",1,1,0,0
"1174","yeah",1,1,0,0
"1175","yeah",1,1,0,0
"1176","yeah",1,1,0,0
"1177","yeah",1,1,0,0
"1178","yeah",1,1,0,0
"1179","yeah",1,1,0,0
"1180","yeah",1,1,0,0
"1181","yeah",1,1,0,0
"1182","yeah",1,1,0,0
"1183","yeah",1,1,0,0
"1184","yeah",1,1,0,0
"1185","yeah",1,1,0,0
"1186","yeah",1,1,0,0
"1187","yeah",1,1,0,0
"1188","yeah",1,1,0,0
"1189","yeah",1,1,0,0
"1190","yeah",1,1,0,0
"1191","yeah",1,1,0,0
"1192","yeah",1,1,0,0
"1193","yeah",1,1,0,0
"1194","yeah",1,1,0,0
"1195","yeah",1,1,0,0
"1196","yeah",1,1,0,0
"1197","yeah",1,1,0,0
"1198","yeah",1,1,0,0
"1199","yeah",1,1,0,0
"1200","yeah",1,1,0,0
"1201","yeah",1,1,0,0
"1202","yeah",1,1,0,0
"1203","yeah",1,1,0,0
"1204","yeah",1,1,0,0
"1205","yeah",1,1,0,0
"1206","yeah",1,1,0,0
"1207","yeah",1,1,0,0
"1208","yeah",1,1,0,0
"1209","yeah",1,1,0,0
"1210","yeah",1,1,0,0
"1211","yeah",1,1,0,0
"1212","yeah",1,1,0,0
"1213","yeah",1,1,0,0
"1214","yeah",1,1,0,0
"1215","yeah",1,1,0,0
"1216","yeah",1,1,0,0
"1217","yeah",1,1,0,0
"1218","yeah",1,1,0,0
"1219","yeah",1,1,0,0
"1220","yeah",1,1,0,0
"1221","yeah",1,1,0,0
"1222","yeah",1,1,0,0
"1223","yeah",1,1,0,0
"1224","yeah",1,1,0,0
"1225","yeah",1,1,0,0
"1226","yeah",1,1,0,0
"1227","yeah",1,1,0,0
"1228","yeah",1,1,0,0
"1229","yeah",1,1,0,0
"1230","yeah",1,1,0,0
"1231","yeah",1,1,0,0
"1232","yeah",1,1,0,0
"1233","yeah",1,1,0,0
"1234","yeah",1,1,0,0
"1235","yeah",1,1,0,0
"1236","yeah",1,1,0,0
"1237","yeah",1,1,0,0
"1238","yeah",1,1,0,0
"1239","yeah",1,1,0,0
"1240","yeah",1,1,0,0
"1241","yeah",1,1,0,0
"1242","yeah",1,1,0,0
"1243","yeah",1,1,0,0
"1244","yeah",1,1,0,0
"1245","yeah",1,1,0,0
"1246","yeah",1,1,0,0
"1247","yeah",1,1,0,0
"1248","yeah",1,1,0,0
"1249","yeah",1,1,0,0
"1250","yeah",1,1,0,0
"1251","yeah",1,1,0,0
"1252","yeah",1,1,0,0
"1253","yeah",1,1,0,0
"1254","yeah",1,1,0,0
"1255","yeah",1,1,0,0
"1256","yeah",1,1,0,0
"1257","yeah",1,1,0,0
"1258","yeah",1,1,0,0
"1259","yeah",1,1,0,0
"1260","yeah",1,1,0,0
"1261","yeah",1,1,0,0
"1262","yeah",1,1,0,0
"1263","yeah",1,1,0,0
"1264","yeah",1,1,0,0
"1265","yeah",1,1,0,0
"1266","yeah",1,1,0,0
"1267","yeah",1,1,0,0
"1268","yeah",1,1,0,0
"1269","yeah",1,1,0,0
"1270","yeah",1,1,0,0
"1271","yeah",1,1,0,0
"1272","yeah",1,1,0,0
"1273","yeah",1,1,0,0
"1274","yeah",1,1,0,0
"1275","yeah",1,1,0,0
"1276","yeah",1,1,0,0
"1277","yeah",1,1,0,0
"1278","yeah",1,1,0,0
"1279","yeah",1,1,0,0
"1280","yeah",1,1,0,0
"1281","yeah",1,1,0,0
"1282","yeah",1,1,0,0
"1283","yeah",1,1,0,0
"1284","yeah",1,1,0,0
"1285","yeah",1,1,0,0
"1286","yeah",1,1,0,0
"1287","yeah",1,1,0,0
"1288","yeah",1,1,0,0
"1289","yeah",1,1,0,0
"1290","yeah",1,1,0,0
"1291","yeah",1,1,0,0
"1292","yeah",1,1,0,0
"1293","yeah",1,1,0,0
"1294","yeah",1,1,0,0
"1295","yeah",1,1,0,0
"1296","yeah",1,1,0,0
"1297","yeah",1,1,0,0
"1298","yeah",1,1,0,0
"1299","yeah",1,1,0,0
"1300","yeah",1,1,0,0
"1301","yeah",1,1,0,0
"1302","yeah",1,1,0,0
"1303","yeah",1,1,0,0
"1304","yeah",1,1,0,0
"1305","yeah",1,1,0,0
"1306","yeah",1,1,0,0
"1307","yeah",1,1,0,0
"1308","yeah",1,1,0,0
"1309","yeah",1,1,0,0
"1310","yeah",1,1,0,0
"1311","yeah",1,1,0,0
"1312","yeah",1,1,0,0
"1313","yeah",1,1,0,0
"1314","yeah",1,1,0,0
"1315","yeah",1,1,0,0
"1316","yeah",1,1,0,0
"1317","yeah",1,1,0,0
"1318","yeah",1,1,0,0
"1319","yeah",1,1,0,0
"1320","yeah",1,1,0,0
"1321","yeah",1,1,0,0
"1322","yeah",1,1,0,0
"1323","yeah",1,1,0,0
"1324","yeah",1,1,0,0
"1325","yeah",1,1,0,0
"1326","yeah",1,1,0,0
"1327","yeah",1,1,0,0
"1328","yeah",1,1,0,0
"1329","yeah",1,1,0,0
"1330","yeah",1,1,0,0
"1331","yeah",1,1,0,0
"1332","yeah",1,1,0,0
"1333","yeah",1,1,0,0
"1334","yeah",1,1,0,0
"1335","yeah",1,1,0,0
"1336","yeah",1,1,0,0
"1337","yeah",1,1,0,0
"1338","yeah",1,1,0,0
"1339","yeah",1,1,0,0
"1340","yeah",1,1,0,0
"1341","yeah",1,1,0,0
"1342","yeah",1,1,0,0
"1343","yeah",1,1,0,0
"1344","yeah",1,1,0,0
"1345","yeah",1,1,0,0
"1346","yeah",1,1,0,0
"1347","yeah",1,1,0,0
"1348","yeah",1,1,0,0
"1349","yeah",1,1,0,0
"1350","yeah",1,1,0,0
"1351","yeah",1,1,0,0
"1352","yeah",1,1,0,0
"1353","yeah",1,1,0,0
"1354","yeah",1,1,0,0
"1355","yeah",1,1,0,0
"1356","yeah",1,1,0,0
"1357","yeah",1,1,0,0
"1358","yeah",1,1,0,0
"1359","yeah",1,1,0,0
"1360","yeah",1,1,0,0
"1361","yeah",1,1,0,0
"1362","yeah",1,1,0,0
"1363","yeah",1,1,0,0
"1364","yeah",1,1,0,0
"1365","yeah",1,1,0,0
"1366","yeah",1,1,0,0
"1367","yeah",1,1,0,0
"1368","yeah",1,1,0,0
"1369","yeah",1,1,0,0
"1370","yeah",1,1,0,0
"1371","yeah",1,1,0,0
"1372","yeah",1,1,0,0
"1373","yeah",1,1,0,0
"1374","yeah",1,1,0,0
"1375","yeah",1,1,0,0
"1376","yeah",1,1,0,0
"1377","yeah",1,1,0,0
"1378","yeah",1,1,0,0
"1379","yeah",1,1,0,0
"1380","yeah",1,1,0,0
"1381","yeah",1,1,0,0
"1382","yeah",1,1,0,0
"1383","yeah",1,1,0,0
"1384","yeah",1,1,0,0
"1385","yeah",1,1,0,0
"1386","yeah",1,1,0,0
"1387","yeah",1,1,0,0
"1388","yeah",1,1,0,0
"1389","yeah",1,1,0,0
"1390","yeah",1,1,0,0
"1391","yeah",1,1,0,0
"1392","yeah",1,1,0,0
"1393","yeah",1,1,0,0
"1394","yeah",1,1,0,0
"1395","yeah",1,1,0,0
"1396","yeah",1,1,0,0
"1397","yeah",1,1,0,0
"1398","yeah",1,1,0,0
"1399","yeah",1,1,0,0
"1400","yeah",1,1,0,0
"1401","yeah",1,1,0,0
"1402","yeah",1,1,0,0
"1403","yeah",1,1,0,0
"1404","yeah",1,1,0,0
"1405","yeah",1,1,0,0
"1406","yeah",1,1,0,0
"1407","yeah",1,1,0,0
"1408","yeah",1,1,0,0
"1409","yeah",1,1,0,0
"1410","yeah",1,1,0,0
"1411","yeah",1,1,0,0
"1412","yeah",1,1,0,0
"1413","yeah",1,1,0,0
"1414","yeah",1,1,0,0
"1415","yeah",1,1,0,0
"1416","yeah",1,1,0,0
"1417","yeah",1,1,0,0
"1418","yeah",1,1,0,0
"1419","yeah",1,1,0,0
"1420","yeah",1,1,0,0
"1421","yeah",1,1,0,0
"1422","yeah",1,1,0,0
"1423","yeah",1,1,0,0
"1424","yeah",1,1,0,0
"1425","yeah",1,1,0,0
"1426","yeah",1,1,0,0
"1427","yeah",1,1,0,0
"1428","yeah",1,1,0,0
"1429","yeah",1,1,0,0
"1430","yeah",1,1,0,0
"1431","yeah",1,1,0,0
"1432","yeah",1,1,0,0
"1433","yeah",1,1,0,0
"1434","yeah",1,1,0,0
"1435","yeah",1,1,0,0
"1436","yeah",1,1,0,0
"1437","yeah",1,1,0,0
"1438","yeah",1,1,0,0
"1439","yeah",1,1,0,0
"1440","yeah",1,1,0,0
"1441","yeah",1,1,0,0
"1442","yeah",1,1,0,0
"1443","yeah",1,1,0,0
"1444","yeah",1,1,0,0
"1445","yeah",1,1,0,0
"1446","yeah",1,1,0,0
"1447","yeah",1,1,0,0
"1448","yeah",1,1,0,0
"1449","yeah",1,1,0,0
"1450","yeah",1,1,0,0
"1451","yeah",1,1,0,0
"1452","yeah",1,1,0,0
"1453","yeah",1,1,0,0
"1454","yeah",1,1,0,0
"1455","yeah",1,1,0,0
"1456","yeah",1,1,0,0
"1457","yeah",1,1,0,0
"1458","yeah",1,1,0,0
"1459","yeah",1,1,0,0
"1460","yeah",1,1,0,0
"1461","yeah",1,1,0,0
"1462","yeah",1,1,0,0
"1463","yeah",1,1,0,0
"1464","yeah",1,1,0,0
"1465","yeah",1,1,0,0
"1466","yeah",1,1,0,0
"1467","yeah",1,1,0,0
"1468","yeah",1,1,0,0
"1469","yeah",1,1,0,0
"1470","yeah",1,1,0,0
"1471","yeah",1,1,0,0
"1472","yeah",1,1,0,0
"1473","yeah",1,1,0,0
"1474","yeah",1,1,0,0
"1475","yeah",1,1,0,0
"1476","yeah",1,1,0,0
"1477","yeah",1,1,0,0
"1478","yeah",1,1,0,0
"1479","yeah",1,1,0,0
"1480","yeah",1,1,0,0
"1481","yeah",1,1,0,0
"1482","yeah",1,1,0,0
"1483","yeah",1,1,0,0
"1484","yeah",1,1,0,0
"1485","yeah",1,1,0,0
"1486","yeah",1,1,0,0
"1487","yeah",1,1,0,0
"1488","yeah",1,1,0,0
"1489","yeah",1,1,0,0
"1490","yeah",1,1,0,0
"1491","yeah",1,1,0,0
"1492","yeah",1,1,0,0
"1493","yeah",1,1,0,0
"1494","yeah",1,1,0,0
"1495","yeah",1,1,0,0
"1496","yeah",1,1,0,0
"1497","yeah",1,1,0,0
"1498","yeah",1,1,0,0
"1499","yeah",1,1,0,0
"1500","yeah",1,1,0,0
"1501","yeah",1,1,0,0
"1502","yeah",1,1,0,0
"1503","yeah",1,1,0,0
"1504","yeah",1,1,0,0
"1505","yeah",1,1,0,0
"1506","yeah",1,1,0,0
"1507","yeah",1,1,0,0
"1508","yeah",1,1,0,0
"1509","yeah",1,1,0,0
"1510","yeah",1,1,0,0
"1511","yeah",1,1,0,0
"1512","yeah",1,1,0,0
"1513","yeah",1,1,0,0
"1514","yeah",1,1,0,0
"1515","yeah",1,1,0,0
"1516","yeah",1,1,0,0
"1517","yeah",1,1,0,0
"1518","yeah",1,1,0,0
"1519","yeah",1,1,0,0
"1520","yeah",1,1,0,0
"1521","yeah",1,1,0,0
"1522","yeah",1,1,0,0
"1523","yeah",1,1,0,0
"1524","yeah",1,1,0,0
"1525","yeah",1,1,0,0
"1526","yeah",1,1,0,0
"1527","yeah",1,1,0,0
"1528","yeah",1,1,0,0
"1529","yeah",1,1,0,0
"1530","yeah",1,1,0,0
"1531","yeah",1,1,0,0
"1532","yeah",1,1,0,0
"1533","yeah",1,1,0,0
"1534","yeah",1,1,0,0
"1535","yeah",1,1,0,0
"1536","yeah",1,1,0,0
"1537","yeah",1,1,0,0
"1538","yeah",1,1,0,0
"1539","yeah",1,1,0,0
"1540","yeah",1,1,0,0
"1541","yeah",1,1,0,0
"1542","yeah",1,1,0,0
"1543","yeah",1,1,0,0
"1544","yeah",1,1,0,0
"1545","yeah",1,1,0,0
"1546","yeah",1,1,0,0
"1547","yeah",1,1,0,0
"1548","yeah",1,1,0,0
"1549","yeah",1,1,0,0
"1550","yeah",1,1,0,0
"1551","yeah",1,1,0,0
"1552","yeah",1,1,0,0
"1553","yeah",1,1,0,0
"1554","yeah",1,1,0,0
"1555","yeah",1,1,0,0
"1556","yeah",1,1,0,0
"1557","yeah",1,1,0,0
"1558","yeah",1,1,0,0
"1559","yeah",1,1,0,0
"1560","yeah",1,1,0,0
"1561","yeah",1,1,0,0
"1562","yeah",1,1,0,0
"1563","yeah",1,1,0,0
"1564","yeah",1,1,0,0
"1565","yeah",1,1,0,0
"1566","yeah",1,1,0,0
"1567","yeah",1,1,0,0
"1568","yeah",1,1,0,0
"1569","yeah",1,1,0,0
"1570","yeah",1,1,0,0
"1571","yeah",1,1,0,0
"1572","yeah",1,1,0,0
"1573","yeah",1,1,0,0
"1574","yeah",1,1,0,0
"1575","yeah",1,1,0,0
"1576","yeah",1,1,0,0
"1577","yeah",1,1,0,0
"1578","yeah",1,1,0,0
"1579","yeah",1,1,0,0
"1580","yeah",1,1,0,0
"1581","yeah",1,1,0,0
"1582","yeah",1,1,0,0
"1583","yeah",1,1,0,0
"1584","yeah",1,1,0,0
"1585","yeah",1,1,0,0
"1586","yeah",1,1,0,0
"1587","yeah",1,1,0,0
"1588","yeah",1,1,0,0
"1589","yeah",1,1,0,0
"1590","yeah",1,1,0,0
"1591","yeah",1,1,0,0
"1592","yeah",1,1,0,0
"1593","yeah",1,1,0,0
"1594","yeah",1,1,0,0
"1595","yeah",1,1,0,0
"1596","yeah",1,1,0,0
"1597","yeah",1,1,0,0
"1598","yeah",1,1,0,0
"1599","yeah",1,1,0,0
"1600","yeah",1,1,0,0
"1601","yeah",1,1,0,0
"1602","yeah",1,1,0,0
"1603","yeah",1,1,0,0
"1604","yeah",1,1,0,0
"1605","yeah",1,1,0,0
"1606","yeah",1,1,0,0
"1607","yeah",1,1,0,0
"1608","yeah",1,1,0,0
"1609","yeah",1,1,0,0
"1610","yeah",1,1,0,0
"1611","yeah",1,1,0,0
"1612","yeah",1,1,0,0
"1613","yeah",1,1,0,0
"1614","yeah",1,1,0,0
"1615","yeah",1,1,0,0
"1616","yeah",1,1,0,0
"1617","yeah",1,1,0,0
"1618","yeah",1,1,0,0
"1619","yeah",1,1,0,0
"1620","yeah",1,1,0,0
"1621","yeah",1,1,0,0
"1622","yeah",1,1,0,0
"1623","yeah",1,1,0,0
"1624","yeah",1,1,0,0
"1625","yeah",1,1,0,0
"1626","yeah",1,1,0,0
"1627","yeah",1,1,0,0
"1628","yeah",1,1,0,0
"1629","yeah",1,1,0,0
"1630","yeah",1,1,0,0
"1631","yeah",1,1,0,0
"1632","yeah",1,1,0,0
"1633","yeah",1,1,0,0
"1634","yeah",1,1,0,0
"1635","yeah",1,1,0,0
"1636","yeah",1,1,0,0
"1637","yeah",1,1,0,0
"1638","yeah",1,1,0,0
"1639","yeah",1,1,0,0
"1640","yeah",1,1,0,0
"1641","yeah",1,1,0,0
"1642","yeah",1,1,0,0
"1643","yeah",1,1,0,0
"1644","yeah",1,1,0,0
"1645","yeah",1,1,0,0
"1646","yeah",1,1,0,0
"1647","yeah",1,1,0,0
"1648","yeah",1,1,0,0
"1649","yeah",1,1,0,0
"1650","yeah",1,1,0,0
"1651","yeah",1,1,0,0
"1652","yeah",1,1,0,0
"1653","yeah",1,1,0,0
"1654","yeah",1,1,0,0
"1655","yeah",1,1,0,0
"1656","yeah",1,1,0,0
"1657","yeah",1,1,0,0
"1658","yeah",1,1,0,0
"1659","yeah",1,1,0,0
"1660","yeah",1,1,0,0
"1661","yeah",1,1,0,0
"1662","yeah",1,1,0,0
"1663","yeah",1,1,0,0
"1664","yeah",1,1,0,0
"1665","yeah",1,1,0,0
"1666","yeah",1,1,0,0
"1667","yeah",1,1,0,0
"1668","yeah",1,1,0,0
"1669","yeah",1,1,0,0
"1670","yeah",1,1,0,0
"1671","yeah",1,1,0,0
"1672","yeah",1,1,0,0
"1673","yeah",1,1,0,0
"1674","yeah",1,1,0,0
"1675","yeah",1,1,0,0
"1676","yeah",1,1,0,0
"1677","yeah",1,1,0,0
"1678","yeah",1,1,0,0
"1679","yeah",1,1,0,0
"1680","yeah",1,1,0,0
"1681","yeah",1,1,0,0
"1682","yeah",1,1,0,0
"1683","yeah",1,1,0,0
"1684","yeah",1,1,0,0
"1685","yeah",1,1,0,0
"1686","yeah",1,1,0,0
"1687","yeah",1,1,0,0
"1688","yeah",1,1,0,0
"1689","yeah",1,1,0,0
"1690","yeah",1,1,0,0
"1691","yeah",1,1,0,0
"1692","yeah",1,1,0,0
"1693","yeah",1,1,0,0
"1694","yeah",1,1,0,0
"1695","yeah",1,1,0,0
"1696","yeah",1,1,0,0
"1697","yeah",1,1,0,0
"1698","yeah",1,1,0,0
"1699","yeah",1,1,0,0
"1700","yeah",1,1,0,0
"1701","yeah",1,1,0,0
"1702","yeah",1,1,0,0
"1703","yeah",1,1,0,0
"1704","yeah",1,1,0,0
"1705","yeah",1,1,0,0
"1706","yeah",1,1,0,0
"1707","yeah",1,1,0,0
"1708","yeah",1,1,0,0
"1709","yeah",1,1,0,0
"1710","yeah",1,1,0,0
"1711","yeah",1,1,0,0
"1712","yeah",1,1,0,0
"1713","yeah",1,1,0,0
"1714","yeah",1,1,0,0
"1715","yeah",1,1,0,0
"1716","yeah",1,1,0,0
"1717","yeah",1,1,0,0
"1718","yeah",1,1,0,0
"1719","yeah",1,1,0,0
"1720","yeah",1,1,0,0
"1721","yeah",1,1,0,0
"1722","yeah",1,1,0,0
"1723","yeah",1,1,0,0
"1724","yeah",1,1,0,0
"1725","yeah",1,1,0,0
"1726","yeah",1,1,0,0
"1727","yeah",1,1,0,0
"1728","yeah",1,1,0,0
"1729","yeah",1,1,0,0
"1730","yeah",1,1,0,0
"1731","yeah",1,1,0,0
"1732","yeah",1,1,0,0
"1733","yeah",1,1,0,0
"1734","yeah",1,1,0,0
"1735","yeah",1,1,0,0
"1736","yeah",1,1,0,0
"1737","yeah",1,1,0,0
"1738","yeah",1,1,0,0
"1739","yeah",1,1,0,0
"1740","yeah",1,1,0,0
"1741","yeah",1,1,0,0
"1742","yeah",1,1,0,0
"1743","yeah",1,1,0,0
"1744","yeah",1,1,0,0
"1745","yeah",1,1,0,0
"1746","yeah",1,1,0,0
"1747","yeah",1,1,0,0
"1748","yeah",1,1,0,0
"1749","yeah",1,1,0,0
"1750","yeah",1,1,0,0
"1751","yeah",1,1,0,0
"1752","yeah",1,1,0,0
"1753","yeah",1,1,0,0
"1754","yeah",1,1,0,0
"1755","yeah",1,1,0,0
"1756","yeah",1,1,0,0
"1757","yeah",1,1,0,0
"1758","yeah",1,1,0,0
"1759","yeah",1,1,0,0
"1760","yeah",1,1,0,0
"1761","yeah",1,1,0,0
"1762","yeah",1,1,0,0
"1763","yeah",1,1,0,0
"1764","yeah",1,1,0,0
"1765","yeah",1,1,0,0
"1766","yeah",1,1,0,0
"1767","yeah",1,1,0,0
"1768","yeah",1,1,0,0
"1769","yeah",1,1,0,0
"1770","yeah",1,1,0,0
"1771","yeah",1,1,0,0
"1772","yeah",1,1,0,0
"1773","yeah",1,1,0,0
"1774","yeah",1,1,0,0
"1775","yeah",1,1,0,0
"1776","yeah",1,1,0,0
"1777","yeah",1,1,0,0
"1778","yeah",1,1,0,0
"1779","yeah",1,1,0,0
"1780","yeah",1,1,0,0
"1781","yeah",1,1,0,0
"1782","yeah",1,1,0,0
"1783","yeah",1,1,0,0
"1784","yeah",1,1,0,0
"1785","yeah",1,1,0,0
"1786","yeah",1,1,0,0
"1787","yeah",1,1,0,0
"1788","yeah",1,1,0,0
"1789","yeah",1,1,0,0
"1790","yeah",1,1,0,0
"1791","yeah",1,1,0,0
"1792","yeah",1,1,0,0
"1793","yeah",1,1,0,0
"1794","yeah",1,1,0,0
"1795","yeah",1,1,0,0
"1796","yeah",1,1,0,0
"1797","yeah",1,1,0,0
"1798","yeah",1,1,0,0
"1799","yeah",1,1,0,0
"1800","yeah",1,1,0,0
"1801","yeah",1,1,0,0
"1802","yeah",1,1,0,0
"1803","yeah",1,1,0,0
"1804","yeah",1,1,0,0
"1805","yeah",1,1,0,0
"1806","yeah",1,1,0,0
"1807","yeah",1,1,0,0
"1808","yeah",1,1,0,0
"1809","yeah",1,1,0,0
"1810","yeah",1,1,0,0
"1811","yeah",1,1,0,0
"1812","yeah",1,1,0,0
"1813","yeah",1,1,0,0
"1814","yeah",1,1,0,0
"1815","yeah",1,1,0,0
"1816","yeah",1,1,0,0
"1817","yeah",1,1,0,0
"1818","yeah",1,1,0,0
"1819","yeah",1,1,0,0
"1820","yeah",1,1,0,0
"1821","yeah",1,1,0,0
"1822","yeah",1,1,0,0
"1823","yeah",1,1,0,0
"1824","yeah",1,1,0,0
"1825","yeah",1,1,0,0
"1826","yeah",1,1,0,0
"1827","yeah",1,1,0,0
"1828","yeah",1,1,0,0
"1829","yeah",1,1,0,0
"1830","yeah",1,1,0,0
"1831","yeah",1,1,0,0
"1832","yeah",1,1,0,0
"1833","yeah",1,1,0,0
"1834","yeah",1,1,0,0
"1835","yeah",1,1,0,0
"1836","yeah",1,1,0,0
"1837","yeah",1,1,0,0
"1838","yeah",1,1,0,0
"1839","yeah",1,1,0,0
"1840","yeah",1,1,0,0
"1841","yeah",1,1,0,0
"1842","yeah",1,1,0,0
"1843","yeah",1,1,0,0
"1844","yeah",1,1,0,0
"1845","yeah",1,1,0,0
"1846","yeah",1,1,0,0
"1847","yeah",1,1,0,0
"1848","yeah",1,1,0,0
"1849","yeah",1,1,0,0
"1850","yeah",1,1,0,0
"1851","yeah",1,1,0,0
"1852","yeah",1,1,0,0
"1853","yeah",1,1,0,0
"1854","yeah",1,1,0,0
"1855","yeah",1,1,0,0
"1856","yeah",1,1,0,0
"1857","yeah",1,1,0,0
"1858","yeah",1,1,0,0
"1859","yeah",1,1,0,0
"1860","yeah",1,1,0,0
"1861","yeah",1,1,0,0
"1862","yeah",1,1,0,0
"1863","yeah",1,1,0,0
"1864","yeah",1,1,0,0
"1865","yeah",1,1,0,0
"1866","yeah",1,1,0,0
"1867","yeah",1,1,0,0
"1868","yeah",1,1,0,0
"1869","yeah",1,1,0,0
"1870","yeah",1,1,0,0
"1871","yeah",1,1,0,0
"1872","yeah",1,1,0,0
"1873","yeah",1,1,0,0
"1874","yeah",1,1,0,0
"1875","yeah",1,1,0,0
"1876","yeah",1,1,0,0
"1877","yeah",1,1,0,0
"1878","yeah",1,1,0,0
"1879","yeah",1,1,0,0
"1880","yeah",1,1,0,0
"1881","yeah",1,1,0,0
"1882","yeah",1,1,0,0
"1883","yeah",1,1,0,0
"1884","yeah",1,1,0,0
"1885","yeah",1,1,0,0
"1886","yeah",1,1,0,0
"1887","yeah",1,1,0,0
"1888","yeah",1,1,0,0
"1889","yeah",1,1,0,0
"1890","yeah",1,1,0,0
"1891","yeah",1,1,0,0
"1892","yeah",1,1,0,0
"1893","yeah",1,1,0,0
"1894","yeah",1,1,0,0
"1895","yeah",1,1,0,0
"1896","yeah",1,1,0,0
"1897","yeah",1,1,0,0
"1898","yeah",1,1,0,0
"1899","yeah",1,1,0,0
"1900","yeah",1,1,0,0
"1901","yeah",1,1,0,0
"1902","yeah",1,1,0,0
"1903","yeah",1,1,0,0
"1904","yeah",1,1,0,0
"1905","yeah",1,1,0,0
"1906","yeah",1,1,0,0
"1907","yeah",1,1,0,0
"1908","yeah",1,1,0,0
"1909","yeah",1,1,0,0
"1910","yeah",1,1,0,0
"1911","yeah",1,1,0,0
"1912","yeah",1,1,0,0
"1913","yeah",1,1,0,0
"1914","yeah",1,1,0,0
"1915","yeah",1,1,0,0
"1916","yeah",1,1,0,0
"1917","yeah",1,1,0,0
"1918","yeah",1,1,0,0
"1919","yeah",1,1,0,0
"1920","yeah",1,1,0,0
"1921","yeah",1,1,0,0
"1922","yeah",1,1,0,0
"1923","yeah",1,1,0,0
"1924","yeah",1,1,0,0
"1925","yeah",1,1,0,0
"1926","yeah",1,1,0,0
"1927","yeah",1,1,0,0
"1928","yeah",1,1,0,0
"1929","yeah",1,1,0,0
"1930","yeah",1,1,0,0
"1931","yeah",1,1,0,0
"1932","yeah",1,1,0,0
"1933","yeah",1,1,0,0
"1934","yeah",1,1,0,0
"1935","yeah",1,1,0,0
"1936","yeah",1,1,0,0
"1937","yeah",1,1,0,0
"1938","yeah",1,1,0,0
"1939","yeah",1,1,0,0
"1940","yeah",1,1,0,0
"1941","yeah",1,1,0,0
"1942","yeah",1,1,0,0
"1943","yeah",1,1,0,0
"1944","yeah",1,1,0,0
"1945","yeah",1,1,0,0
"1946","yeah",1,1,0,0
"1947","yeah",1,1,0,0
"1948","yeah",1,1,0,0
"1949","yeah",1,1,0,0
"1950","yeah",1,1,0,0
"1951","yeah",1,1,0,0
"1952","yeah",1,1,0,0
"1953","yeah",1,1,0,0
"1954","yeah",1,1,0,0
"1955","yeah",1,1,0,0
"1956","yeah",1,1,0,0
"1957","yeah",1,1,0,0
"1958","yeah",1,1,0,0
"1959","yeah",1,1,0,0
"1960","yeah",1,1,0,0
"1961","yeah",1,1,0,0
"1962","yeah",1,1,0,0
"1963","yeah",1,1,0,0
"1964","yeah",1,1,0,0
"1965","yeah",1,1,0,0
"1966","yeah",1,1,0,0
"1967","yeah",1,1,0,0
"1968","yeah",1,1,0,0
"1969","yeah",1,1,0,0
"1970","yeah",1,1,0,0
"1971","yeah",1,1,0,0
"1972","yeah",1,1,0,0
"1973","yeah",1,1,0,0
"1974","yeah",1,1,0,0
"1975","yeah",1,1,0,0
"1976","yeah",1,1,0,0
"1977","yeah",1,1,0,0
"1978","yeah",1,1,0,0
"1979","yeah",1,1,0,0
"1980","yeah",1,1,0,0
"1981","yeah",1,1,0,0
"1982","yeah",1,1,0,0
"1983","yeah",1,1,0,0
"1984","yeah",1,1,0,0
"1985","yeah",1,1,0,0
"1986","yeah",1,1,0,0
"1987","yeah",1,1,0,0
"1988","yeah",1,1,0,0
"1989","yeah",1,1,0,0
"1990","yeah",1,1,0,0
"1991","yeah",1,1,0,0
"1992","yeah",1,1,0,0
"1993","yeah",1,1,0,0
"1994","yeah",1,1,0,0
"1995","yeah",1,1,0,0
"1996","yeah",1,1,0,0
"1997","yeah",1,1,0,0
"1998","yeah",1,1,0,0
"1999","yeah",1,1,0,0
"2000","yeah",1,1,0,0
"2001","yeah",1,1,0,0
"2002","yeah",1,1,0,0
"2003","yeah",1,1,0,0
"2004","yeah",1,1,0,0
"2005","yeah",1,1,0,0
"2006","yeah",1,1,0,0
"2007","yeah",1,1,0,0
"2008","yeah",1,1,0,0
"2009","yeah",1,1,0,0
"2010","yeah",1,1,0,0
"2011","yeah",1,1,0,0
"2012","yeah",1,1,0,0
"2013","yeah",1,1,0,0
"2014","yeah",1,1,0,0
"2015","yeah",1,1,0,0
"2016","yeah",1,1,0,0
"2017","yeah",1,1,0,0
"2018","yeah",1,1,0,0
"2019","yeah",1,1,0,0
"2020","yeah",1,1,0,0
"2021","yeah",1,1,0,0
"2022","yeah",1,1,0,0
"2023","yeah",1,1,0,0
"2024","yeah",1,1,0,0
"2025","yeah",1,1,0,0
"2026","yeah",1,1,0,0
"2027","yeah",1,1,0,0
"2028","yeah",1,1,0,0
"2029","yeah",1,1,0,0
"2030","yeah",1,1,0,0
"2031","yeah",1,1,0,0
"2032","yeah",1,1,0,0
"2033","yeah",1,1,0,0
"2034","yeah",1,1,0,0
"2035","yeah",1,1,0,0
"2036","yeah",1,1,0,0
"2037","yeah",1,1,0,0
"2038","yeah",1,1,0,0
"2039","yeah",1,1,0,0
"2040","yeah",1,1,0,0
"2041","yeah",1,1,0,0
"2042","yeah",1,1,0,0
"2043","yeah",1,1,0,0
"2044","yeah",1,1,0,0
"2045","yeah",1,1,0,0
"2046","yeah",1,1,0,0
"2047","yeah",1,1,0,0
"2048","yeah",1,1,0,0
"2049","yeah",1,1,0,0
"2050","yeah",1,1,0,0
"2051","yeah",1,1,0,0
"2052","yeah",1,1,0,0
"2053","yeah",1,1,0,0
"2054","yeah",1,1,0,0
"2055","yeah",1,1,0,0
"2056","yeah",1,1,0,0
"2057","yeah",1,1,0,0
"2058","yeah",1,1,0,0
"2059","yeah",1,1,0,0
"2060","yeah",1,1,0,0
"2061","yeah",1,1,0,0
"2062","yeah",1,1,0,0
"2063","yeah",1,1,0,0
"2064","yeah",1,1,0,0
"2065","yeah",1,1,0,0
"2066","yeah",1,1,0,0
"2067","yeah",1,1,0,0
"2068","yeah",1,1,0,0
"2069","yeah",1,1,0,0
"2070","yeah",1,1,0,0
"2071","yeah",1,1,0,0
"2072","yeah",1,1,0,0
"2073","yeah",1,1,0,0
"2074","yeah",1,1,0,0
"2075","yeah",1,1,0,0
"2076","yeah",1,1,0,0
"2077","yeah",1,1,0,0
"2078","yeah",1,1,0,0
"2079","yeah",1,1,0,0
"2080","yeah",1,1,0,0
"2081","yeah",1,1,0,0
"2082","yeah",1,1,0,0
"2083","yeah",1,1,0,0
"2084","yeah",1,1,0,0
"2085","yeah",1,1,0,0
"2086","yeah",1,1,0,0
"2087","yeah",1,1,0,0
"2088","yeah",1,1,0,0
"2089","yeah",1,1,0,0
"2090","yeah",1,1,0,0
"2091","yeah",1,1,0,0
"2092","yeah",1,1,0,0
"2093","yeah",1,1,0,0
"2094","yeah",1,1,0,0
"2095","yeah",1,1,0,0
"2096","yeah",1,1,0,0
"2097","yeah",1,1,0,0
"2098","yeah",1,1,0,0
"2099","yeah",1,1,0,0
"2100","yeah",1,1,0,0
"2101","yeah",1,1,0,0
"2102","yeah",1,1,0,0
"2103","yeah",1,1,0,0
"2104","yeah",1,1,0,0
"2105","yeah",1,1,0,0
"2106","yeah",1,1,0,0
"2107","yeah",1,1,0,0
"2108","yeah",1,1,0,0
"2109","yeah",1,1,0,0
"2110","yeah",1,1,0,0
"2111","yeah",1,1,0,0
"2112","yeah",1,1,0,0
"2113","yeah",1,1,0,0
"2114","yeah",1,1,0,0
"2115","yeah",1,1,0,0
"2116","yeah",1,1,0,0
"2117","yeah",1,1,0,0
"2118","yeah",1,1,0,0
"2119","yeah",1,1,0,0
"2120","yeah",1,1,0,0
"2121","yeah",1,1,0,0
"2122","yeah",1,1,0,0
"2123","yeah",1,1,0,0
"2124","yeah",1,1,0,0
"2125","yeah",1,1,0,0
"2126","yeah",1,1,0,0
"2127","yeah",1,1,0,0
"2128","yeah",1,1,0,0
"2129","yeah",1,1,0,0
"2130","yeah",1,1,0,0
"2131","yeah",1,1,0,0
"2132","yeah",1,1,0,0
"2133","yeah",1,1,0,0
"2134","yeah",1,1,0,0
"2135","yeah",1,1,0,0
"2136","yeah",1,1,0,0
"2137","yeah",1,1,0,0
"2138","yeah",1,1,0,0
"2139","yeah",1,1,0,0
"2140","yeah",1,1,0,0
"2141","yeah",1,1,0,0
"2142","yeah",1,1,0,0
"2143","yeah",1,1,0,0
"2144","yeah",1,1,0,0
"2145","yeah",1,1,0,0
"2146","yeah",1,1,0,0
"2147","yeah",1,1,0,0
"2148","yeah",1,1,0,0
"2149","yeah",1,1,0,0
"2150","yeah",1,1,0,0
"2151","yeah",1,1,0,0
"2152","yeah",1,1,0,0
"2153","yeah",1,1,0,0
"2154","yeah",1,1,0,0
"2155","yeah",1,1,0,0
"2156","yeah",1,1,0,0
"2157","yeah",1,1,0,0
"2158","yeah",1,1,0,0
"2159","yeah",1,1,0,0
"2160","yeah",1,1,0,0
"2161","yeah",1,1,0,0
"2162","yeah",1,1,0,0
"2163","yeah",1,1,0,0
"2164","yeah",1,1,0,0
"2165","yeah",1,1,0,0
"2166","yeah",1,1,0,0
"2167","yeah",1,1,0,0
"2168","yeah",1,1,0,0
"2169","yeah",1,1,0,0
"2170","yeah",1,1,0,0
"2171","yeah",1,1,0,0
"2172","yeah",1,1,0,0
"2173","yeah",1,1,0,0
"2174","yeah",1,1,0,0
"2175","yeah",1,1,0,0
"2176","yeah",1,1,0,0
"2177","yeah",1,1,0,0
"2178","yeah",1,1,0,0
"2179","yeah",1,1,0,0
"2180","yeah",1,1,0,0
"2181","yeah",1,1,0,0
"2182","yeah",1,1,0,0
"2183","yeah",1,1,0,0
"2184","yeah",1,1,0,0
"2185","yeah",1,1,0,0
"2186","yeah",1,1,0,0
"2187","yeah",1,1,0,0
"2188","yeah",1,1,0,0
"2189","yeah",1,1,0,0
"2190","yeah",1,1,0,0
"2191","yeah",1,1,0,0
"2192","yeah",1,1,0,0
"2193","yeah",1,1,0,0
"2194","yeah",1,1,0,0
"2195","yeah",1,1,0,0
"2196","yeah",1,1,0,0
"2197","yeah",1,1,0,0
"2198","yeah",1,1,0,0
"2199","yeah",1,1,0,0
"2200","yeah",1,1,0,0
"2201","yeah",1,1,0,0
"2202","yeah",1,1,0,0
"2203","yeah",1,1,0,0
"2204","yeah",1,1,0,0
"2205","yeah",1,1,0,0
"2206","yeah",1,1,0,0
"2207","yeah",1,1,0,0
"2208","yeah",1,1,0,0
"2209","yeah",1,1,0,0
"2210","yeah",1,1,0,0
"2211","yeah",1,1,0,0
"2212","yeah",1,1,0,0
"2213","yeah",1,1,0,0
"2214","yeah",1,1,0,0
"2215","yeah",1,1,0,0
"2216","yeah",1,1,0,0
"2217","yeah",1,1,0,0
"2218","yeah",1,1,0,0
"2219","yeah",1,1,0,0
"2220","yeah",1,1,0,0
"2221","yeah",1,1,0,0
"2222","yeah",1,1,0,0
"2223","yeah",1,1,0,0
"2224","yeah",1,1,0,0
"2225","yeah",1,1,0,0
"2226","yeah",1,1,0,0
"2227","yeah",1,1,0,0
"2228","yeah",1,1,0,0
"2229","yeah",1,1,0,0
"2230","yeah",1,1,0,0
"2231","yeah",1,1,0,0
"2232","yeah",1,1,0,0
"2233","yeah",1,1,0,0
"2234","yeah",1,1,0,0
"2235","yeah",1,1,0,0
"2236","yeah",1,1,0,0
"2237","yeah",1,1,0,0
"2238","yeah",1,1,0,0
"2239","yeah",1,1,0,0
"2240","yeah",1,1,0,0
"2241","yeah",1,1,0,0
"2242","yeah",1,1,0,0
"2243","yeah",1,1,0,0
"2244","yeah",1,1,0,0
"2245","yeah",1,1,0,0
"2246","yeah",1,1,0,0
"2247","yeah",1,1,0,0
"2248","yeah",1,1,0,0
"2249","yeah",1,1,0,0
"2250","yeah",1,1,0,0
"2251","yeah",1,1,0,0
"2252","yeah",1,1,0,0
"2253","yeah",1,1,0,0
"2254","yeah",1,1,0,0
"2255","yeah",1,1,0,0
"2256","yeah",1,1,0,0
"2257","yeah",1,1,0,0
"2258","yeah",1,1,0,0
"2259","yeah",1,1,0,0
"2260","yeah",1,1,0,0
"2261","yeah",1,1,0,0
"2262","yeah",1,1,0,0
"2263","yeah",1,1,0,0
"2264","yeah",1,1,0,0
"2265","yeah",1,1,0,0
"2266","yeah",1,1,0,0
"2267","yeah",1,1,0,0
"2268","yeah",1,1,0,0
"2269","yeah",1,1,0,0
"2270","yeah",1,1,0,0
"2271","yeah",1,1,0,0
"2272","yeah",1,1,0,0
"2273","yeah",1,1,0,0
"2274","yeah",1,1,0,0
"2275","yeah",1,1,0,0
"2276","yeah",1,1,0,0
"2277","yeah",1,1,0,0
"2278","yeah",1,1,0,0
"2279","yeah",1,1,0,0
"2280","yeah",1,1,0,0
"2281","yeah",1,1,0,0
"2282","yeah",1,1,0,0
"2283","yeah",1,1,0,0
"2284","yeah",1,1,0,0
"2285","yeah",1,1,0,0
"2286","yeah",1,1,0,0
"2287","yeah",1,1,0,0
"2288","yeah",1,1,0,0
"2289","yeah",1,1,0,0
"2290","yeah",1,1,0,0
"2291","yeah",1,1,0,0
"2292","yeah",1,1,0,0
"2293","yeah",1,1,0,0
"2294","yeah",1,1,0,0
"2295","yeah",1,1,0,0
"2296","yeah",1,1,0,0
"2297","yeah",1,1,0,0
"2298","yeah",1,1,0,0
"2299","yeah",1,1,0,0
"2300","yeah",1,1,0,0
"2301","yeah",1,1,0,0
"2302","yeah",1,1,0,0
"2303","yeah",1,1,0,0
"2304","yeah",1,1,0,0
"2305","yeah",1,1,0,0
"2306","yeah",1,1,0,0
"2307","yeah",1,1,0,0
"2308","yeah",1,1,0,0
"2309","yeah",1,1,0,0
"2310","yeah",1,1,0,0
"2311","yeah",1,1,0,0
"2312","yeah",1,1,0,0
"2313","yeah",1,1,0,0
"2314","yeah",1,1,0,0
"2315","yeah",1,1,0,0
"2316","yeah",1,1,0,0
"2317","yeah",1,1,0,0
"2318","yeah",1,1,0,0
"2319","yeah",1,1,0,0
"2320","yeah",1,1,0,0
"2321","yeah",1,1,0,0
"2322","yeah",1,1,0,0
"2323","yeah",1,1,0,0
"2324","yeah",1,1,0,0
"2325","yeah",1,1,0,0
"2326","yeah",1,1,0,0
"2327","yeah",1,1,0,0
"2328","yeah",1,1,0,0
"2329","yeah",1,1,0,0
"2330","yeah",1,1,0,0
"2331","yeah",1,1,0,0
"2332","yeah",1,1,0,0
"2333","yeah",1,1,0,0
"2334","yeah",1,1,0,0
"2335","yeah",1,1,0,0
"2336","yeah",1,1,0,0
"2337","yeah",1,1,0,0
"2338","yeah",1,1,0,0
"2339","yeah",1,1,0,0
"2340","yeah",1,1,0,0
"2341","yeah",1,1,0,0
"2342","yeah",1,1,0,0
"2343","yeah",1,1,0,0
"2344","yeah",1,1,0,0
"2345","yeah",1,1,0,0
"2346","yeah",1,1,0,0
"2347","yeah",1,1,0,0
"2348","yeah",1,1,0,0
"2349","yeah",1,1,0,0
"2350","yeah",1,1,0,0
"2351","yeah",1,1,0,0
"2352","yeah",1,1,0,0
"2353","yeah",1,1,0,0
"2354","yeah",1,1,0,0
"2355","yeah",1,1,0,0
"2356","yeah",1,1,0,0
"2357","yeah",1,1,0,0
"2358","yeah",1,1,0,0
"2359","yeah",1,1,0,0
"2360","yeah",1,1,0,0
"2361","yeah",1,1,0,0
"2362","yeah",1,1,0,0
"2363","yeah",1,1,0,0
"2364","yeah",1,1,0,0
"2365","yeah",1,1,0,0
"2366","yeah",1,1,0,0
"2367","yeah",1,1,0,0
"2368","yeah",1,1,0,0
"2369","yeah",1,1,0,0
"2370","yeah",1,1,0,0
"2371","yeah",1,1,0,0
"2372","yeah",1,1,0,0
"2373","yeah",1,1,0,0
"2374","yeah",1,1,0,0
"2375","yeah",1,1,0,0
"2376","yeah",1,1,0,0
"2377","yeah",1,1,0,0
"2378","yeah",1,1,0,0
"2379","yeah",1,1,0,0
"2380","yeah",1,1,0,0
"2381","yeah",1,1,0,0
"2382","yeah",1,1,0,0
"2383","yeah",1,1,0,0
"2384","yeah",1,1,0,0
"2385","yeah",1,1,0,0
"2386","yeah",1,1,0,0
"2387","yeah",1,1,0,0
"2388","yeah",1,1,0,0
"2389","yeah",1,1,0,0
"2390","yeah",1,1,0,0
"2391","yeah",1,1,0,0
"2392","yeah",1,1,0,0
"2393","yeah",1,1,0,0
"2394","yeah",1,1,0,0
"2395","yeah",1,1,0,0
"2396","yeah",1,1,0,0
"2397","yeah",1,1,0,0
"2398","yeah",1,1,0,0
"2399","yeah",1,1,0,0
"2400","yeah",1,1,0,0
"2401","yeah",1,1,0,0
"2402","yeah",1,1,0,0
"2403","yeah",1,1,0,0
"2404","yeah",1,1,0,0
"2405","yeah",1,1,0,0
"2406","yeah",1,1,0,0
"2407","yeah",1,1,0,0
"2408","yeah",1,1,0,0
"2409","yeah",1,1,0,0
"2410","yeah",1,1,0,0
"2411","yeah",1,1,0,0
"2412","yeah",1,1,0,0
"2413","yeah",1,1,0,0
"2414","yeah",1,1,0,0
"2415","yeah",1,1,0,0
"2416","yeah",1,1,0,0
"2417","yeah",1,1,0,0
"2418","yeah",1,1,0,0
"2419","yeah",1,1,0,0
"2420","yeah",1,1,0,0
"2421","yeah",1,1,0,0
"2422","yeah",1,1,0,0
"2423","yeah",1,1,0,0
"2424","yeah",1,1,0,0
"2425","yeah",1,1,0,0
"2426","yeah",1,1,0,0
"2427","yeah",1,1,0,0
"2428","yeah",1,1,0,0
"2429","yeah",1,1,0,0
"2430","yeah",1,1,0,0
"2431","yeah",1,1,0,0
"2432","yeah",1,1,0,0
"2433","yeah",1,1,0,0
"2434","yeah",1,1,0,0
"2435","yeah",1,1,0,0
"2436","yeah",1,1,0,0
"2437","yeah",1,1,0,0
"2438","yeah",1,1,0,0
"2439","yeah",1,1,0,0
"2440","yeah",1,1,0,0
"2441","yeah",1,1,0,0
"2442","yeah",1,1,0,0
"2443","yeah",1,1,0,0
"2444","yeah",1,1,0,0
"2445","yeah",1,1,0,0
"2446","yeah",1,1,0,0
"2447","yeah",1,1,0,0
"2448","yeah",1,1,0,0
"2449","yeah",1,1,0,0
"2450","yeah",1,1,0,0
"2451","yeah",1,1,0,0
"2452","yeah",1,1,0,0
"2453","yeah",1,1,0,0
"2454","yeah",1,1,0,0
"2455","yeah",1,1,0,0
"2456","yeah",1,1,0,0
"2457","yeah",1,1,0,0
"2458","yeah",1,1,0,0
"2459","yeah",1,1,0,0
"2460","yeah",1,1,0,0
"2461","yeah",1,1,0,0
"2462","yeah",1,1,0,0
"2463","yeah",1,1,0,0
"2464","yeah",1,1,0,0
"2465","yeah",1,1,0,0
"2466","yeah",1,1,0,0
"2467","yeah",1,1,0,0
"2468","yeah",1,1,0,0
"2469","yeah",1,1,0,0
"2470","yeah",1,1,0,0
"2471","yeah",1,1,0,0
"2472","yeah",1,1,0,0
"2473","yeah",1,1,0,0
"2474","yeah",1,1,0,0
"2475","yeah",1,1,0,0
"2476","yeah",1,1,0,0
"2477","yeah",1,1,0,0
"2478","yeah",1,1,0,0
"2479","yeah",1,1,0,0
"2480","yeah",1,1,0,0
"2481","yeah",1,1,0,0
"2482","yeah",1,1,0,0
"2483","yeah",1,1,0,0
"2484","yeah",1,1,0,0
"2485","yeah",1,1,0,0
"2486","yeah",1,1,0,0
"2487","yeah",1,1,0,0
"2488","yeah",1,1,0,0
"2489","yeah",1,1,0,0
"2490","yeah",1,1,0,0
"2491","yeah",1,1,0,0
"2492","yeah",1,1,0,0
"2493","yeah",1,1,0,0
"2494","yeah",1,1,0,0
"2495","yeah",1,1,0,0
"2496","yeah",1,1,0,0
"2497","yeah",1,1,0,0
"2498","yeah",1,1,0,0
"2499","yeah",1,1,0,0
"2500","yeah",1,1,0,0
"2501","yeah",1,1,0,0
"2502","yeah",1,1,0,0
"2503","yeah",1,1,0,0
"2504","yeah",1,1,0,0
"2505","yeah",1,1,0,0
"2506","yeah",1,1,0,0
"2507","yeah",1,1,0,0
"2508","yeah",1,1,0,0
"2509","yeah",1,1,0,0
"2510","yeah",1,1,0,0
"2511","yeah",1,1,0,0
"2512","yeah",1,1,0,0
"2513","yeah",1,1,0,0
"2514","yeah",1,1,0,0
"2515","yeah",1,1,0,0
"2516","yeah",1,1,0,0
"2517","yeah",1,1,0,0
"2518","yeah",1,1,0,0
"2519","yeah",1,1,0,0
"2520","yeah",1,1,0,0
"2521","yeah",1,1,0,0
"2522","yeah",1,1,0,0
"2523","yeah",1,1,0,0
"2524","yeah",1,1,0,0
"2525","yeah",1,1,0,0
"2526","yeah",1,1,0,0
"2527","yeah",1,1,0,0
"2528","yeah",1,1,0,0
"2529","yeah",1,1,0,0
"2530","yeah",1,1,0,0
"2531","yeah",1,1,0,0
"2532","yeah",1,1,0,0
"2533","yeah",1,1,0,0
"2534","yeah",1,1,0,0
"2535","yeah",1,1,0,0
"2536","yeah",1,1,0,0
"2537","yeah",1,1,0,0
"2538","yeah",1,1,0,0
"2539","yeah",1,1,0,0
"2540","yeah",1,1,0,0
"2541","yeah",1,1,0,0
"2542","yeah",1,1,0,0
"2543","yeah",1,1,0,0
"2544","yeah",1,1,0,0
"2545","yeah",1,1,0,0
"2546","yeah",1,1,0,0
"2547","yeah",1,1,0,0
"2548","yeah",1,1,0,0
"2549","yeah",1,1,0,0
"2550","yeah",1,1,0,0
"2551","yeah",1,1,0,0
"2552","yeah",1,1,0,0
"2553","yeah",1,1,0,0
"2554","yeah",1,1,0,0
"2555","yeah",1,1,0,0
"2556","yeah",1,1,0,0
"2557","yeah",1,1,0,0
"2558","yeah",1,1,0,0
"2559","yeah",1,1,0,0
"2560","yeah",1,1,0,0
"2561","yeah",1,1,0,0
"2562","yeah",1,1,0,0
"2563","yeah",1,1,0,0
"2564","yeah",1,1,0,0
"2565","yeah",1,1,0,0
"2566","yeah",1,1,0,0
"2567","yeah",1,1,0,0
"2568","yeah",1,1,0,0
"2569","yeah",1,1,0,0
"2570","yeah",1,1,0,0
"2571","yeah",1,1,0,0
"2572","yeah",1,1,0,0
"2573","yeah",1,1,0,0
"2574","yeah",1,1,0,0
"2575","yeah",1,1,0,0
"2576","yeah",1,1,0,0
"2577","yeah",1,1,0,0
"2578","yeah",1,1,0,0
"2579","yeah",1,1,0,0
"2580","yeah",1,1,0,0
"2581","yeah",1,1,0,0
"2582","yeah",1,1,0,0
"2583","yeah",1,1,0,0
"2584","yeah",1,1,0,0
"2585","yeah",1,1,0,0
"2586","yeah",1,1,0,0
"2587","yeah",1,1,0,0
"2588","yeah",1,1,0,0
"2589","yeah",1,1,0,0
"2590","yeah",1,1,0,0
"2591","yeah",1,1,0,0
"2592","yeah",1,1,0,0
"2593","yeah",1,1,0,0
"2594","yeah",1,1,0,0
"2595","yeah",1,1,0,0
"2596","yeah",1,1,0,0
"2597","yeah",1,1,0,0
"2598","yeah",1,1,0,0
"2599","yeah",1,1,0,0
"2600","yeah",1,1,0,0
"2601","yeah",1,1,0,0
"2602","yeah",1,1,0,0
"2603","yeah",1,1,0,0
"2604","yeah",1,1,0,0
"2605","yeah",1,1,0,0
"2606","yeah",1,1,0,0
"2607","yeah",1,1,0,0
"2608","yeah",1,1,0,0
"2609","yeah",1,1,0,0
"2610","yeah",1,1,0,0
"2611","yeah",1,1,0,0
"2612","yeah",1,1,0,0
"2613","yeah",1,1,0,0
"2614","yeah",1,1,0,0
"2615","yeah",1,1,0,0
"2616","yeah",1,1,0,0
"2617","yeah",1,1,0,0
"2618","yeah",1,1,0,0
"2619","yeah",1,1,0,0
"2620","yeah",1,1,0,0
"2621","yeah",1,1,0,0
"2622","yeah",1,1,0,0
"2623","yeah",1,1,0,0
"2624","yeah",1,1,0,0
"2625","yeah",1,1,0,0
"2626","yeah",1,1,0,0
"2627","yeah",1,1,0,0
"2628","yeah",1,1,0,0
"2629","yeah",1,1,0,0
"2630","yeah",1,1,0,0
"2631","yeah",1,1,0,0
"2632","yeah",1,1,0,0
"2633","yeah",1,1,0,0
"2634","yeah",1,1,0,0
"2635","yeah",1,1,0,0
"2636","yeah",1,1,0,0
"2637","yeah",1,1,0,0
"2638","yeah",1,1,0,0
"2639","yeah",1,1,0,0
"2640","yeah",1,1,0,0
"2641","yeah",1,1,0,0
"2642","yeah",1,1,0,0
"2643","yeah",1,1,0,0
"2644","yeah",1,1,0,0
"2645","yeah",1,1,0,0
"2646","yeah",1,1,0,0
"2647","yeah",1,1,0,0
"2648","yeah",1,1,0,0
"2649","yeah",1,1,0,0
"2650","yeah",1,1,0,0
"2651","yeah",1,1,0,0
"2652","yeah",1,1,0,0
"2653","yeah",1,1,0,0
"2654","yeah",1,1,0,0
"2655","yeah",1,1,0,0
"2656","yeah",1,1,0,0
"2657","yeah",1,1,0,0
"2658","yeah",1,1,0,0
"2659","yeah",1,1,0,0
"2660","yeah",1,1,0,0
"2661","yeah",1,1,0,0
"2662","yeah",1,1,0,0
"2663","yeah",1,1,0,0
"2664","yeah",1,1,0,0
"2665","yeah",1,1,0,0
"2666","yeah",1,1,0,0
"2667","yeah",1,1,0,0
"2668","yeah",1,1,0,0
"2669","yeah",1,1,0,0
"2670","yeah",1,1,0,0
"2671","yeah",1,1,0,0
"2672","yeah",1,1,0,0
"2673","yeah",1,1,0,0
"2674","yeah",1,1,0,0
"2675","yeah",1,1,0,0
"2676","yeah",1,1,0,0
"2677","yeah",1,1,0,0
"2678","yeah",1,1,0,0
"2679","yeah",1,1,0,0
"2680","yeah",1,1,0,0
"2681","yeah",1,1,0,0
"2682","yeah",1,1,0,0
"2683","yeah",1,1,0,0
"2684","yeah",1,1,0,0
"2685","yeah",1,1,0,0
"2686","yeah",1,1,0,0
"2687","yeah",1,1,0,0
"2688","yeah",1,1,0,0
"2689","yeah",1,1,0,0
"2690","yeah",1,1,0,0
"2691","yeah",1,1,0,0
"2692","yeah",1,1,0,0
"2693","yeah",1,1,0,0
"2694","yeah",1,1,0,0
"2695","yeah",1,1,0,0
"2696","yeah",1,1,0,0
"2697","yeah",1,1,0,0
"2698","yeah",1,1,0,0
"2699","yeah",1,1,0,0
"2700","yeah",1,1,0,0
"2701","yeah",1,1,0,0
"2702","yeah",1,1,0,0
"2703","yeah",1,1,0,0
"2704","yeah",1,1,0,0
"2705","yeah",1,1,0,0
"2706","yeah",1,1,0,0
"2707","yeah",1,1,0,0
"2708","yeah",1,1,0,0
"2709","yeah",1,1,0,0
"2710","yeah",1,1,0,0
"2711","yeah",1,1,0,0
"2712","yeah",1,1,0,0
"2713","yeah",1,1,0,0
"2714","yeah",1,1,0,0
"2715","yeah",1,1,0,0
"2716","yeah",1,1,0,0
"2717","yeah",1,1,0,0
"2718","yeah",1,1,0,0
"2719","yeah",1,1,0,0
"2720","yeah",1,1,0,0
"2721","yeah",1,1,0,0
"2722","yeah",1,1,0,0
"2723","yeah",1,1,0,0
"2724","yeah",1,1,0,0
"2725","yeah",1,1,0,0
"2726","yeah",1,1,0,0
"2727","yeah",1,1,0,0
"2728","yeah",1,1,0,0
"2729","yeah",1,1,0,0
"2730","yeah",1,1,0,0
"2731","yeah",1,1,0,0
"2732","yeah",1,1,0,0
"2733","yeah",1,1,0,0
"2734","yeah",1,1,0,0
"2735","yeah",1,1,0,0
"2736","yeah",1,1,0,0
"2737","yeah",1,1,0,0
"2738","yeah",1,1,0,0
"2739","yeah",1,1,0,0
"2740","yeah",1,1,0,0
"2741","yeah",1,1,0,0
"2742","yeah",1,1,0,0
"2743","yeah",1,1,0,0
"2744","yeah",1,1,0,0
"2745","yeah",1,1,0,0
"2746","yeah",1,1,0,0
"2747","yeah",1,1,0,0
"2748","yeah",1,1,0,0
"2749","yeah",1,1,0,0
"2750","yeah",1,1,0,0
"2751","yeah",1,1,0,0
"2752","yeah",1,1,0,0
"2753","soon",1,1,0,0
"2754","soon",1,1,0,0
"2755","soon",1,1,0,0
"2756","he",1,1,0,0
"2757","he",1,1,0,0
"2758","he",1,1,0,0
"2759","he",1,1,0,0
"2760","go slide",2,1,1,1
"2761","kay",1,1,0,0
"2762","kay",1,1,0,0
"2763","last",1,1,0,0
"2764","last",1,1,0,0
"2765","last",1,1,0,0
"2766","sausage",1,1,0,0
"2767","sausage",1,1,0,0
"2768","um",1,1,0,0
"2769","um",1,1,0,0
"2770","um",1,1,0,0
"2771","um",1,1,0,0
"2772","um",1,1,0,0
"2773","um",1,1,0,0
"2774","um",1,1,0,0
"2775","um",1,1,0,0
"2776","um",1,1,0,0
"2777","um",1,1,0,0
"2778","um",1,1,0,0
"2779","um",1,1,0,0
"2780","um",1,1,0,0
"2781","um",1,1,0,0
"2782","um",1,1,0,0
"2783","um",1,1,0,0
"2784","um",1,1,0,0
"2785","um",1,1,0,0
"2786","um",1,1,0,0
"2787","um",1,1,0,0
"2788","um",1,1,0,0
"2789","um",1,1,0,0
"2790","um",1,1,0,0
"2791","um",1,1,0,0
"2792","um",1,1,0,0
"2793","um",1,1,0,0
"2794","um",1,1,0,0
"2795","um",1,1,0,0
"2796","um",1,1,0,0
"2797","um",1,1,0,0
"2798","um",1,1,0,0
"2799","um",1,1,0,0
"2800","um",1,1,0,0
"2801","um",1,1,0,0
"2802","um",1,1,0,0
"2803","um",1,1,0,0
"2804","um",1,1,0,0
"2805","um",1,1,0,0
"2806","um",1,1,0,0
"2807","um",1,1,0,0
"2808","um",1,1,0,0
"2809","um",1,1,0,0
"2810","um",1,1,0,0
"2811","um",1,1,0,0
"2812","um",1,1,0,0
"2813","um",1,1,0,0
"2814","um",1,1,0,0
"2815","um",1,1,0,0
"2816","um",1,1,0,0
"2817","um",1,1,0,0
"2818","um",1,1,0,0
"2819","um",1,1,0,0
"2820","um",1,1,0,0
"2821","um",1,1,0,0
"2822","um",1,1,0,0
"2823","um",1,1,0,0
"2824","um",1,1,0,0
"2825","um",1,1,0,0
"2826","um",1,1,0,0
