"","VIHI_ID","utt_num","speaker","xds","utterance","morphemecount","group"
"1","TD_463_254",508,"FA1","C","you did",2,"TD"
"2","TD_447_448",12580,"FA1","C","can I take it back",9,"TD"
"3","TD_464_188",10068,"UC1","P","no poop on him",11,"TD"
"4","TD_477_217",8587,"FA1","C","<follow follow me> = sings",5,"TD"
"5","TD_436_678",5795,"FA1","A","I think it was a xxx",3,"TD"
"6","TD_449_716",14693,"FA1","A","I definitely look at <yeah> = laughs",5,"TD"
"7","TD_473_844",13916,"FA2","A","theres xxx farm you might as well do",5,"TD"
"8","TD_436_678",5208,"MA1","C","yeah on",1,"TD"
"9","TD_473_844",14542,"MA3","A","xxx Play Station threes and",2,"TD"
"10","TD_477_217",8534,"FA1","C","a good guess would be five thirty",4,"TD"
"11","TD_467_433",11493,"MA1","C","oo",7,"TD"
"12","TD_474_966",10522,"FC1","A","Autumn just hit me",2,"TD"
"13","TD_436_678",6331,"FA5","C","down",1,"TD"
"14","TD_474_966",10514,"FC1","C","<Im going to brush my teeth with the new toothbrush> = whispers",4,"TD"
"15","TD_467_433",11683,"FA1","C","which problem",3,"TD"
"16","TD_444_402",15334,"FA1","A","=laughs",7,"TD"
"17","TD_449_716",14575,"MA1","C","ah ba da ba da",1,"TD"
"18","TD_436_678",6647,"MC1","C","screaming",1,"TD"
"19","TD_477_217",9067,"UC2","A","shall find",3,"TD"
"20","TD_443_341",4185,"FA1","C","okay girls",7,"TD"
"21","TD_436_678",5472,"MA1","A","oh sorry",6,"TD"
"22","TD_436_678",7016,"MC2","B","<ra> = imitatescrying",2,"TD"
"23","TD_463_254",410,"FA1","A","like as long as youre not doing the xxx stuff I xxx it can",15,"TD"
"24","TD_474_966",10628,"FA1","C","wakes",4,"TD"
"25","VI_012_562",16466,"FA2","A","is this phone still on",10,"VI"
"26","TD_473_844",14229,"FA1","C","=laughs",13,"TD"
"27","VI_012_562",17047,"FA1","C","what game do you wanna play",8,"VI"
"28","TD_474_966",10664,"FA1","C","ribbit",1,"TD"
"29","TD_467_433",11724,"FA1","C","wheres the baby",4,"TD"
"30","TD_449_716",15065,"UC2","O","=cries",3,"TD"
"31","TD_465_541",9675,"FA1","C","book",5,"TD"
"32","TD_436_678",4971,"MA1","C","Daddys gotta get through here please",5,"TD"
"33","TD_436_678",5679,"MA2","A","George outside on that",4,"TD"
"34","TD_464_188",10101,"UC1","A","no purple",1,"TD"
"35","TD_445_217",1606,"FA1","C","thank you Danny",3,"TD"
"36","TD_474_966",10544,"FC1","O","yeah",1,"TD"
"37","TD_436_678",5592,"MA2","A","we have to put the cat outside or inside the house",3,"TD"
"38","TD_477_217",8370,"FA2","A","you want xxx",5,"TD"
"39","TD_436_678",6850,"MC1","C","well I could cut Janeys teeth off",5,"TD"
"40","TD_436_678",5235,"MA1","C","I mean",13,"TD"
"41","TD_436_678",5019,"MA1","C","you want some soap",2,"TD"
"42","TD_465_541",9161,"FA2","A","well if you can not be next to the bathroom wouldnt you rather not be next to the bathroom",11,"TD"
"43","TD_444_402",15264,"FA1","C","I see",5,"TD"
"44","TD_449_716",14922,"UC1","A","no he likes purple",3,"TD"
"45","TD_443_341",3432,"FC1","O","=laughs",1,"TD"
"46","TD_445_217",2510,"UC1","A","reading mail",2,"TD"
"47","TD_444_402",15360,"FA1","C","xxx in trouble",8,"TD"
"48","TD_477_217",8936,"UC2","C","poor babe",3,"TD"
"49","TD_445_217",2743,"UC1","C","=vocalizes",2,"TD"
"50","TD_464_188",10188,"UC1","A","=laughs",7,"TD"
"51","TD_449_716",15109,"UC3","B","=giggles",2,"TD"
"52","TD_464_188",9830,"FA2","A","its not gonna be ever that close kind of thing",19,"TD"
"53","TD_463_254",557,"FA1","A","and they were awesome",5,"TD"
"54","VI_012_562",16679,"FA1","A","um hes well Jenna got him saying glug",10,"VI"
"55","TD_449_716",15018,"UC2","O","=cries",9,"TD"
"56","TD_467_433",11651,"FA1","C","wheres baby Jaspers nose",15,"TD"
"57","TD_443_341",4509,"UC1","O","fish",8,"TD"
"58","TD_473_844",13993,"FA1","C","can you do it",10,"TD"
"59","VI_012_562",16385,"FA2","C","and I dont want them",8,"VI"
"60","TD_465_541",9531,"FA1","C","oh no",5,"TD"
"61","TD_474_966",10606,"FA1","C","what is it",2,"TD"
"62","TD_464_188",10193,"UC1","A","mm",4,"TD"
"63","TD_465_541",9703,"FA1","C","bugs",1,"TD"
"64","TD_436_678",6626,"MC1","A","the DeadManTellsNoTales",5,"TD"
"65","TD_474_966",10830,"FA1","A","your mamas probably",1,"TD"
"66","TD_443_341",4182,"FA1","C","xxx you may have it",2,"TD"
"67","TD_477_217",8635,"FA3","A","yeah I know",1,"TD"
"68","TD_444_402",15724,"UC3","U","0",1,"TD"
"69","TD_467_433",11632,"FA1","C","there we go",4,"TD"
"70","TD_474_966",10790,"FA1","C","thats pie",5,"TD"
"71","TD_477_217",8947,"UC2","A","and I hit and I bumped my head on a wall",6,"TD"
"72","TD_443_341",4127,"FA1","C","<kay>  ok how <bout>  about",5,"TD"
"73","TD_445_217",1883,"FA1","A","swimming",2,"TD"
"74","TD_444_402",15452,"FA1","A","I know right",3,"TD"
"75","TD_444_402",15661,"UC1","A","I like you",4,"TD"
"76","TD_448_304",11045,"FA2","A","=laughs",3,"TD"
"77","TD_464_188",9840,"FA2","A","yeah",2,"TD"
"78","TD_473_844",13391,"MA1","C","<ar> = growls",5,"TD"
"79","TD_465_541",9218,"FA2","C","back",17,"TD"
"80","TD_465_541",9519,"FA1","C","do you throw it",1,"TD"
"81","VI_012_562",16065,"FA2","C","Whitmans walking to us",22,"VI"
"82","TD_443_341",4200,"FA1","C","Megan wants to come play",1,"TD"
"83","TD_465_541",9672,"FA1","A","is it where all the little kids go",6,"TD"
"84","TD_467_433",11796,"FA1","A","well it is nice to spend it with with family",1,"TD"
"85","TD_463_254",136,"FC1","A","wee",1,"TD"
"86","TD_474_966",10494,"FC1","O","<<cuz>  because the snow is> = sings",6,"TD"
"87","TD_436_678",6887,"MC1","C","whole milk",2,"TD"
"88","TD_467_433",11814,"FA1","A","yeah",4,"TD"
"89","TD_473_844",14034,"FA1","C","what color are these big flowers",12,"TD"
"90","TD_443_341",3892,"FA1","A","maybe you could say it next time she sees the girls",10,"TD"
"91","TD_436_678",6145,"FA5","A","=laughs",5,"TD"
"92","TD_449_716",14888,"FA1","A","sure Jenny xxx",3,"TD"
"93","TD_444_402",15394,"FA1","A","and Im like I feel like Im talking to like a drunk stoner right now and hes like",1,"TD"
"94","TD_436_678",5844,"FA1","A","its thirty dollars to just one adult",1,"TD"
"95","TD_448_304",10992,"FA2","A","the thing fell over",1,"TD"
"96","TD_447_448",13164,"UC1","C","oh no",1,"TD"
"97","TD_472_829",7287,"FA1","C","its okay",6,"TD"
"98","TD_445_217",1811,"FA1","C","let go",1,"TD"
"99","TD_472_829",7390,"FA1","C","had its leaves taken off",2,"TD"
"100","TD_447_448",13240,"UC1","C","hey hey do you want to go to xxx",5,"TD"
"101","TD_444_402",15413,"FA1","A","good <cus>  because Im gonna have the kids at my parents",2,"TD"
"102","TD_448_304",11229,"FA1","C","hello",8,"TD"
"103","TD_467_433",11939,"FA1","A","I dont know",4,"TD"
"104","TD_467_433",11844,"FA1","C","western",9,"TD"
"105","TD_463_254",514,"FA1","A","yeah",1,"TD"
"106","TD_447_448",12238,"FA2","A","my grandmother usually makes these icebox cookies for their xxx and xxx then you can xxx",1,"TD"
"107","TD_477_217",8663,"UC1","A","=laughs",1,"TD"
"108","TD_463_254",521,"FA1","A","or",1,"TD"
"109","TD_445_217",3232,"UC3","A","yeah",4,"TD"
"110","TD_447_448",12357,"FA2","C","she might not understand you shes a little bit younger than you are",1,"TD"
"111","TD_445_217",2950,"UC2","C","xxx being mean",9,"TD"
"112","TD_444_402",15615,"FA3","A","uhoh",8,"TD"
"113","TD_436_678",7072,"MC2","A","why",18,"TD"
"114","TD_445_217",1346,"FA2","A","swimming at like the yl",3,"TD"
"115","TD_465_541",9193,"FA2","C","no Acersc no",5,"TD"
"116","TD_445_217",3333,"UC3","C","xxx da",8,"TD"
"117","TD_472_829",7381,"FA1","O","oh dear",14,"TD"
"118","TD_449_716",15080,"UC2","O","=cries",4,"TD"
"119","TD_443_341",3816,"FA1","C","what does your hair smell like",2,"TD"
"120","TD_467_433",11522,"MA1","C","xxx the car xxx that one",5,"TD"
"121","TD_465_541",9534,"FA1","C","that one jingles",2,"TD"
"122","TD_444_402",15590,"FA3","C","=laughs",1,"TD"
"123","TD_436_678",5692,"FA2","C","okay alright come on",12,"TD"
"124","TD_474_966",10463,"FC1","C","Autumn",3,"TD"
"125","TD_463_254",198,"FA2","C","just one",2,"TD"
"126","TD_465_541",9162,"FA2","A","yeah",2,"TD"
"127","TD_443_341",4844,"MC2","A","we have to comb our hair",1,"TD"
"128","TD_444_402",15411,"FA1","A","and our birth like I actually have a real birthday this coming year",3,"TD"
"129","TD_443_341",3707,"FC1","A","like this",10,"TD"
"130","TD_477_217",8712,"UC1","C","<baby> = sings",3,"TD"
"131","TD_465_541",9493,"FA1","C","how many will you eat",9,"TD"
"132","TD_445_217",2621,"UC1","C","this side",4,"TD"
"133","TD_463_254",638,"FA1","C","yeah",1,"TD"
"134","TD_463_254",616,"FA1","C","how come",2,"TD"
"135","TD_449_716",14853,"FA1","A","Lockhart will sleep with like five animals in his crib and he doesnt care so",13,"TD"
"136","TD_473_844",13736,"MA1","C","bop",6,"TD"
"137","TD_467_433",11558,"MA1","B","whoa",3,"TD"
"138","TD_443_341",4568,"UC1","C","you didnt xxx",13,"TD"
"139","TD_473_844",14460,"FA3","A","oh youve still got it",5,"TD"
"140","TD_445_217",2193,"FA1","A","it takes me a while to unpack when",6,"TD"
"141","TD_464_188",9772,"MA1","A","they never got practice",7,"TD"
"142","TD_463_254",437,"FA1","A","did you",2,"TD"
"143","TD_436_678",6238,"FA5","A","hm",3,"TD"
"144","TD_447_448",12341,"FA2","C","what",4,"TD"
"145","TD_447_448",13153,"FA1","A","xxx really child",7,"TD"
"146","TD_449_716",15118,"UC3","C","=laughs",2,"TD"
"147","TD_477_217",8837,"UC1","A","<come on> = whines",1,"TD"
"148","TD_436_678",6028,"FA1","C","that one that one that one that one that one that one that one that one that one",4,"TD"
"149","TD_474_966",10622,"FA1","C","goes =imitatesturkey",4,"TD"
"150","TD_436_678",7076,"MC2","C","youre my baby youre my baby ma",3,"TD"
"151","TD_467_433",11301,"FC1","C","boo",6,"TD"
"152","TD_473_844",14214,"FA1","A","shops will be closed again this weekend",1,"TD"
"153","TD_473_844",13734,"MA1","C","whered Lilly go",7,"TD"
"154","TD_448_304",10977,"FA2","A","I thought he didnt dr drink anymore",2,"TD"
"155","TD_448_304",10892,"MA1","C","Im <gon getchu>  gonna get you",1,"TD"
"156","TD_472_829",7734,"FA1","C","pull that leg out again",5,"TD"
"157","TD_464_188",10015,"FA1","A","yeah",3,"TD"
"158","TD_436_678",6570,"MC1","A","right here",1,"TD"
"159","TD_477_217",8442,"FA1","C","you done",6,"TD"
"160","TD_449_716",14625,"FA2","A","oh",5,"TD"
"161","TD_448_304",11206,"FA1","A","you know I know its <kinda>  kind of weird I dont know like the same thing like um",5,"TD"
"162","TD_449_716",14778,"FA1","C","two and seven",9,"TD"
"163","TD_465_541",9415,"FA1","C","<huh> = gasps sh",1,"TD"
"164","TD_472_829",7485,"FA1","C","a xxx",12,"TD"
"165","TD_447_448",12680,"FA1","A","um",6,"TD"
"166","TD_449_716",14891,"FA1","B","=laughs",1,"TD"
"167","TD_449_716",14908,"UC1","A","ah",11,"TD"
"168","TD_477_217",8439,"FA1","C","<hm> = hums",3,"TD"
"169","TD_477_217",8691,"UC1","A","=hums",3,"TD"
"170","TD_473_844",14277,"FA1","C","theres lots in the car",6,"TD"
"171","TD_463_254",111,"FC1","A","=sings",3,"TD"
"172","TD_463_254",281,"FA2","A","well when youre looking at Sam why wouldnt you be comfortable",15,"TD"
"173","TD_463_254",747,"FA3","A","um",1,"TD"
"174","TD_464_188",10116,"UC1","A","no",10,"TD"
"175","TD_444_402",15532,"FA3","A","last",2,"TD"
"176","TD_465_541",9639,"FA1","C","uhuh",8,"TD"
"177","TD_463_254",617,"FA1","C","you dont like teddybears",8,"TD"
"178","TD_464_188",9930,"FA1","A","xxx yeah Im like I dunno how it works",9,"TD"
"179","TD_464_188",9814,"FA2","A","my brother has a",4,"TD"
"180","TD_464_188",9740,"MA1","C","youre the only one who xxx",5,"TD"
"181","TD_449_716",15021,"UC2","O","=cries",4,"TD"
"182","TD_445_217",1072,"FA2","A","she started to pitch a fit and actually the other day I finally figured out why she was pitching a fit and I explained to her what was going on and she stopped",2,"TD"
"183","TD_464_188",9746,"MA1","A","yeah I know",6,"TD"
"184","TD_472_829",7461,"FA1","C","=whistles",6,"TD"
"185","TD_463_254",526,"FA1","A","how cute",2,"TD"
"186","TD_449_716",14582,"FA2","A","yeah",7,"TD"
"187","TD_449_716",14617,"FA2","A","=laughs",5,"TD"
"188","TD_436_678",6348,"FA5","C","oh",7,"TD"
"189","VI_012_562",15846,"MA1","C","down",3,"VI"
"190","TD_477_217",8479,"FA1","C","I wanna show you something",4,"TD"
"191","TD_436_678",6069,"FA1","A","half a million",7,"TD"
"192","TD_474_966",10733,"FA1","C","what color is that",2,"TD"
"193","TD_477_217",8846,"UC1","C","you put her in her bed",1,"TD"
"194","TD_464_188",9800,"FA2","C","huh what she <doin>  doing",9,"TD"
"195","TD_473_844",13547,"MA1","A","just xxx the uh",3,"TD"
"196","TD_464_188",9794,"MA1","A","so I",7,"TD"
"197","TD_477_217",8796,"UC1","C","squishy squishy",3,"TD"
"198","TD_445_217",2942,"UC2","A","no",1,"TD"
"199","TD_465_541",9674,"FA1","B","<happy> = imitatesAce",3,"TD"
"200","TD_445_217",1045,"FA2","A","but with other consequences and",9,"TD"
"201","TD_477_217",8826,"UC1","A","<open the door> = whines",2,"TD"
"202","TD_449_716",14889,"FA1","C","oh well honey I think they are I think they are gonna go with their mommy",1,"TD"
"203","TD_475_481",11999,"FA1","C","<la la la pa pa> = babbles",3,"TD"
"204","TD_447_448",12163,"MA1","C","no she cant go Mommys eating right now come on",2,"TD"
"205","TD_472_829",7698,"FA1","C","<la la la la la> = sings",6,"TD"
"206","TD_472_829",8015,"FA1","C","oh my goodness",9,"TD"
"207","TD_443_341",4242,"FA1","C","<cuz>  because you",2,"TD"
"208","TD_472_829",7815,"FA1","C","<they all ran up to the farmers wife> = sings",3,"TD"
"209","TD_463_254",363,"FA1","C","no you cant eat the wipes",7,"TD"
"210","TD_436_678",6881,"MC1","A","when I put my xxx for some reason xxx",3,"TD"
"211","TD_449_716",14866,"FA1","C","no she doesnt need to know =laughs",1,"TD"
"212","TD_445_217",1499,"FA2","A","okay",1,"TD"
"213","TD_477_217",9112,"FA4","A","and then",16,"TD"
"214","TD_436_678",6470,"FA5","C","here doggyc doggyc",4,"TD"
"215","TD_436_678",6388,"FA5","C","it should be okay",1,"TD"
"216","TD_449_716",14699,"FA1","O","my I mean my work xxx and then xxx  you know that sort of thing",9,"TD"
"217","TD_436_678",6138,"FA4","A","youre welcome",10,"TD"
"218","TD_444_402",15681,"UC1","C","make xxx",1,"TD"
"219","TD_463_254",513,"FA1","A","you mean oh thanks",5,"TD"
"220","TD_477_217",8383,"FA2","A","very interesting",3,"TD"
"221","TD_436_678",5910,"FA1","C","why are you in trouble right now",2,"TD"
"222","TD_449_716",15068,"UC2","O","=cries",3,"TD"
"223","TD_444_402",15636,"UC1","A","okay xxx",7,"TD"
"224","TD_472_829",7743,"FA1","C","<prolly>  probably wouldnt lean on the xxx",7,"TD"
"225","TD_447_448",12087,"MA1","C","are you enjoying the anticipation Grace",7,"TD"
"226","TD_436_678",6081,"FA1","A","they have a special name",1,"TD"
"227","TD_474_966",10493,"FC1","O","<Im gonna make the snow fall down> = sings",4,"TD"
"228","TD_477_217",8401,"FA1","A","right",1,"TD"
"229","VI_012_562",16127,"FA2","C","alright =grunts",9,"VI"
"230","TD_464_188",10110,"UC1","A","thats not fair",1,"TD"
"231","TD_436_678",5619,"MA2","A","you wrote",1,"TD"
"232","TD_477_217",8463,"FA1","C","hows it going",5,"TD"
"233","TD_463_254",427,"FA1","C","hey",1,"TD"
"234","TD_463_254",357,"FA1","C","oh I know",3,"TD"
"235","TD_467_433",11797,"FA1","A","yeah xxx",4,"TD"
"236","TD_473_844",13565,"MA1","C","what you need darling",3,"TD"
"237","TD_477_217",8970,"UC2","C","oh my gosh Bubby you did too much",3,"TD"
"238","TD_477_217",8752,"UC1","C","ha ha ha ha ha",3,"TD"
"239","TD_449_716",14694,"FA1","A","<yeah yeah> = laughs",2,"TD"
"240","TD_436_678",5143,"MA1","C","I dont think so",6,"TD"
"241","TD_448_304",11144,"FA1","A","yeah you wanna go to Daddy",5,"TD"
"242","TD_444_402",15339,"FA1","A","<I> = laughs guess so =laughs",8,"TD"
"243","TD_444_402",15134,"MA2","A","yep youre welcome",1,"TD"
"244","VI_012_562",16157,"FA2","C","what is it or is it a secret",2,"VI"
"245","TD_472_829",7716,"FA1","C","does Daddy sing",3,"TD"
"246","TD_464_188",9875,"FA1","P","shes <a>  going to eat your eyeball Bandit",2,"TD"
"247","TD_447_448",12665,"FA1","A","kind of takes a morning nap <kinda>  kind of doesnt",2,"TD"
"248","TD_464_188",9901,"FA1","C","can you sit up here with your hair real quick or you cant go",12,"TD"
"249","TD_448_304",11148,"FA1","C","=laughs",4,"TD"
"250","TD_473_844",14208,"FA1","A","uh on the thirteenth of May",2,"TD"
"251","TD_477_217",9069,"UC2","A","and it shall be",13,"TD"
"252","TD_473_844",13866,"FA2","A","and we were painting",3,"TD"
"253","TD_463_254",732,"FA1","A","he",1,"TD"
"254","TD_445_217",3303,"UC3","C","=vocalizes",4,"TD"
"255","TD_449_716",14933,"UC1","A","can you help me",3,"TD"
"256","TD_464_188",10027,"FA1","A","honestly yeah",4,"TD"
"257","TD_436_678",4917,"MA1","A","the who",5,"TD"
"258","TD_444_402",15578,"FA3","A","xxx okay so other way",3,"TD"
"259","TD_443_341",3701,"FC1","C","okay",1,"TD"
"260","TD_473_844",13406,"MA1","C","is it deadly heavy",5,"TD"
"261","TD_448_304",10884,"MA1","B","hes like I can see it Granny Ive seen it",1,"TD"
"262","TD_445_217",1639,"FA1","C","okay",9,"TD"
"263","TD_443_341",4620,"UC1","A","right here I need my baba",1,"TD"
"264","VI_012_562",16988,"FA1","A","no I think no",6,"VI"
"265","TD_447_448",12953,"FA1","C","go slide",7,"TD"
"266","TD_447_448",12613,"FA1","C","doo doo doo ugh",1,"TD"
"267","TD_473_844",13990,"FA1","C","oh put the top here this black one",1,"TD"
"268","TD_443_341",4278,"FA1","C","what are you even talking about goofy",4,"TD"
"269","TD_473_844",14087,"FA1","A","imagine xxx",4,"TD"
"270","VI_012_562",16107,"FA2","C","oo good",9,"VI"
"271","TD_447_448",12184,"MA1","A","your seasoning is probably giving you I like the seasoning",2,"TD"
"272","TD_448_304",10908,"MA1","C","=groans",7,"TD"
"273","TD_464_188",10184,"UC1","A","and Paradise",4,"TD"
"274","TD_464_188",10403,"UC2","C","<cuz>  because of her",1,"TD"
"275","TD_477_217",8882,"UC1","O","=babbles",1,"TD"
"276","TD_445_217",3007,"UC2","C","and when Mom xxx your mom",3,"TD"
"277","TD_465_541",9522,"FA1","C","do you ki",1,"TD"
"278","TD_465_541",9717,"FA1","C","here bite",1,"TD"
"279","TD_464_188",10255,"UC2","C","=laughs",5,"TD"
"280","TD_444_402",15751,"FA4","A","xxx this is all xxx",3,"TD"
"281","TD_449_716",14860,"FA1","B","yeah not its not a sure thing =laughs",1,"TD"
"282","TD_445_217",2418,"FA1","C","take your socks off",8,"TD"
"283","TD_474_966",10655,"FA1","C","well no thats not really a mouse noise but",3,"TD"
"284","TD_463_254",97,"FC1","A","=laughs",3,"TD"
"285","TD_474_966",10751,"FA1","C","what color",10,"TD"
"286","TD_465_541",9443,"FA1","C","what is buzzing in the garden",2,"TD"
"287","TD_444_402",15600,"FA3","A","didnt even like",1,"TD"
"288","TD_445_217",3032,"UC2","A","<ugh> = groans",4,"TD"
"289","TD_467_433",11324,"FC1","A","its not three",13,"TD"
"290","TD_443_341",3572,"FC1","C","oh",10,"TD"
"291","TD_447_448",12683,"FA1","A","yeah so",2,"TD"
"292","TD_447_448",13006,"FA1","C","chew chew",4,"TD"
"293","TD_448_304",11006,"FA2","A","=laughs",8,"TD"
"294","TD_463_254",774,"FA3","A","the the school birthday party on her birthday",9,"TD"
"295","TD_436_678",7032,"MC2","C","we need to put these back in",1,"TD"
"296","TD_465_541",9650,"FA1","C","I know",6,"TD"
"297","TD_477_217",8820,"UC1","A","Im gonna try to surprise him",1,"TD"
"298","TD_465_541",9573,"FA1","C","you loved play time so much baby",7,"TD"
"299","TD_477_217",9066,"UC2","A","it ye",4,"TD"
"300","TD_445_217",2084,"FA1","A","so Im so glad its a kid dinner tonight",3,"TD"
"301","TD_473_844",13757,"MA2","C","<rah> = imitatesseagulls",7,"TD"
"302","TD_443_341",4719,"FC2","C","<oh oh oh oh> = sings",3,"TD"
"303","TD_444_402",15321,"FA1","A","great",1,"TD"
"304","TD_436_678",6964,"MC2","A","and Ill never go to the library",2,"TD"
"305","TD_472_829",8200,"FA1","C","come on",3,"TD"
"306","TD_436_678",7121,"MC2","A","get out of the time out",7,"TD"
"307","TD_467_433",11696,"FA1","C","there we go",6,"TD"
"308","TD_445_217",3160,"UC2","A","xxx though",2,"TD"
"309","TD_467_433",11815,"FA1","A","yeah",2,"TD"
"310","TD_449_716",14824,"FA1","C","yeah cookie",13,"TD"
"311","TD_436_678",6187,"FA5","P","thats everything",1,"TD"
"312","TD_448_304",11215,"FA1","A","can you hear me",3,"TD"
"313","TD_444_402",15554,"FA3","A","oh",10,"TD"
"314","TD_463_254",834,"UC1","C","<xxx> = squeals",7,"TD"
"315","TD_472_829",8083,"FA1","C","lots of lemurs there",7,"TD"
"316","TD_473_844",13896,"FA2","C","so it became three xxx",17,"TD"
"317","TD_449_716",14622,"FA2","A","the girls have been sitting here for an hour and a half I dont get it",5,"TD"
"318","TD_464_188",10163,"UC1","A","look at monkey",5,"TD"
"319","TD_444_402",15256,"FA1","C","theres no need for that alligator tearing my friend",13,"TD"
"320","TD_447_448",12686,"FA1","A","that might be just be the problem",1,"TD"
"321","TD_445_217",2455,"FA1","C","Dan did you xxx mix up all these pieces",2,"TD"
"322","TD_436_678",6467,"FA5","C","here doggyc",5,"TD"
"323","TD_444_402",15687,"UC1","A","xxx Daddy",5,"TD"
"324","TD_467_433",11517,"MA1","A","is it I think its a cigar",10,"TD"
"325","TD_447_448",12872,"FA1","C","mm",1,"TD"
"326","TD_473_844",14285,"FA1","A","<wa wa wa wa wa> = sings",3,"TD"
"327","TD_444_402",15318,"FA1","A","whatever time it is",2,"TD"
"328","TD_474_966",10472,"FC1","A","what is this a river",3,"TD"
"329","TD_443_341",3829,"FA1","A","I just wanna know maybe going forward",7,"TD"
"330","TD_444_402",15375,"FA1","A","mm",4,"TD"
"331","TD_445_217",1451,"FA2","A","take your laptop and watch something from Amazon Prime",2,"TD"
"332","TD_477_217",8605,"FA1","C","high five",1,"TD"
"333","TD_465_541",9449,"FA1","C","hello ants",3,"TD"
"334","TD_436_678",6854,"MC1","C","I could cut Janeys mouth off xxx",4,"TD"
"335","TD_465_541",9724,"FA1","A","like we were chasing each other through the tunnels",4,"TD"
"336","TD_464_188",10201,"UC1","A","yes Daddy",4,"TD"
"337","TD_448_304",11283,"FA4","A","I mean they stand behind their product really good um",1,"TD"
"338","TD_465_541",9727,"FA1","O","<hm> = hums",3,"TD"
"339","TD_436_678",6981,"MC2","C","a drummer",13,"TD"
"340","TD_445_217",1558,"FA1","C","did you get the mail",1,"TD"
"341","TD_477_217",8513,"FA1","C","are you gonna have a nap",4,"TD"
"342","TD_477_217",8372,"FA2","A","at that xxx there",11,"TD"
"343","TD_467_433",11446,"FC1","C","Im gonna get you Im gonna get you",8,"TD"
"344","TD_465_541",9314,"FA1","C","cute crawling caterpillars",5,"TD"
"345","TD_448_304",10956,"FA2","A","what does this even mean xxx",4,"TD"
"346","TD_464_188",9834,"FA2","A","theres Mindy and Miranda and Miranda",8,"TD"
"347","TD_467_433",11440,"FC1","C","Im gonna get you",9,"TD"
"348","TD_444_402",15258,"FA1","C","youre coming",3,"TD"
"349","TD_445_217",890,"MA1","C","HarleyQuinn seizes the opportunity for a sneak attack",3,"TD"
"350","TD_447_448",12944,"FA1","C","can you slide down",3,"TD"
"351","TD_447_448",12133,"MA1","C","why did you do that",15,"TD"
"352","TD_449_716",14988,"UC1","C","sit on Lexie not on me",4,"TD"
"353","TD_465_541",9231,"FA2","C","dont I",10,"TD"
"354","TD_444_402",15388,"FA1","A","=laughs",3,"TD"
"355","TD_473_844",14322,"FA1","C","come on then picklepops lets go",2,"TD"
"356","TD_477_217",8448,"FA1","C","youre a sweetie pie",1,"TD"
"357","TD_474_966",10652,"FA1","C","<dittle>  little baby mouse",1,"TD"
"358","TD_449_716",14934,"UC1","A","can you show me a different xxx",1,"TD"
"359","TD_473_844",14561,"MA3","C","one step",5,"TD"
"360","TD_464_188",10367,"UC2","C","oh no dont eat me",7,"TD"
"361","TD_443_341",4392,"FA1","C","it really focuses right in",4,"TD"
"362","TD_463_254",446,"FA1","A","oh really",3,"TD"
"363","TD_472_829",7423,"FA1","C","okay",6,"TD"
"364","VI_012_562",16529,"FA1","A","=laughs",7,"VI"
"365","TD_443_341",4779,"FC2","A","this is xxx",10,"TD"
"366","TD_436_678",6853,"MC1","C","<ah> = grunts",5,"TD"
"367","TD_448_304",10951,"FA2","A","no no I just xxx",1,"TD"
"368","TD_436_678",4998,"MA1","C","whats that",1,"TD"
"369","TD_436_678",5007,"MA1","C","water",10,"TD"
"370","TD_436_678",5205,"MA1","C","yeah on",3,"TD"
"371","TD_477_217",8404,"FA1","A","mile xxx",14,"TD"
"372","TD_447_448",12366,"FA2","A","=laughs",7,"TD"
"373","TD_464_188",9735,"MA1","A","no",14,"TD"
"374","TD_445_217",1457,"FA2","A","oh we teach xxx",5,"TD"
"375","TD_445_217",2778,"UC1","A","hey",8,"TD"
"376","TD_443_341",4398,"FA1","C","it makes you work",1,"TD"
"377","TD_464_188",10060,"FA1","A","she doesnt walk to <school cuz> = laughs =laughs",1,"TD"
"378","TD_449_716",14806,"FA1","C","yeah",4,"TD"
"379","VI_012_562",16192,"FA2","A","thats cool that had to have been fun",4,"VI"
"380","TD_448_304",11205,"FA1","A","y uh",2,"TD"
"381","TD_436_678",5937,"FA1","A","towards NewAlbany",1,"TD"
"382","TD_443_341",4755,"FC2","B","like Megan",1,"TD"
"383","TD_464_188",10395,"UC2","C","=laughs",3,"TD"
"384","TD_436_678",6995,"MC2","A","Dad",9,"TD"
"385","VI_012_562",16342,"FA2","C","we can have cheetos right now",12,"VI"
"386","TD_436_678",6482,"FA5","C","and bite",3,"TD"
"387","TD_449_716",14742,"FA1","C","no you dont have to go up",9,"TD"
"388","TD_474_966",10836,"FA1","C","whoa",2,"TD"
"389","TD_444_402",15279,"FA1","C","okay",2,"TD"
"390","TD_445_217",2972,"UC2","C","no",4,"TD"
"391","TD_443_341",3459,"FC1","A","mm",10,"TD"
"392","TD_447_448",12363,"FA2","C","because she just might not",5,"TD"
"393","TD_464_188",10033,"FA1","A","yeah",1,"TD"
"394","TD_445_217",1352,"FA2","A","so theres also xxx Wednesday night I think they have like a",5,"TD"
"395","TD_463_254",598,"FA1","C","yeah",1,"TD"
"396","TD_463_254",549,"FA1","A","oh those poor parents have to fight all of them",11,"TD"
"397","TD_448_304",10919,"FA2","A","um",15,"TD"
"398","TD_463_254",112,"FC1","A","=sings",3,"TD"
"399","TD_436_678",5538,"MA1","C","sit down please",6,"TD"
"400","TD_477_217",8704,"UC1","A","<must be> = sings",3,"TD"
"401","TD_463_254",835,"UC1","A","=cries",3,"TD"
"402","TD_463_254",483,"FA1","C","and a puzzle baby",4,"TD"
"403","TD_436_678",6827,"MC1","C","cut",3,"TD"
"404","TD_474_966",10548,"FC1","A","they we glowed them in the dark",1,"TD"
"405","TD_443_341",4413,"FA1","C","look at the pretty baby",7,"TD"
"406","TD_464_188",9786,"MA1","A","have you heard",2,"TD"
"407","TD_463_254",304,"FA2","A","hes really heavy",5,"TD"
"408","TD_473_844",14337,"FA1","C","no shes a bit heavy no",1,"TD"
"409","TD_443_341",3813,"FA1","C","I dont have any pizza",3,"TD"
"410","TD_467_433",11591,"FA2","A","so you staying home for Christmas",10,"TD"
"411","TD_443_341",3513,"FC1","A","Gigi",7,"TD"
"412","TD_463_254",474,"FA1","C","and food",2,"TD"
"413","TD_463_254",545,"FA1","A","he always has breaks",5,"TD"
"414","TD_464_188",9758,"MA1","C","yeah Bandit dont hit me though",17,"TD"
"415","TD_448_304",11046,"FA2","A","hes like that little baby like that little evil baby from FamilyGuy",2,"TD"
"416","TD_477_217",8972,"UC2","A","Ill wash myself",3,"TD"
"417","TD_436_678",5666,"MA2","C","Kaitlyn",3,"TD"
"418","TD_464_188",9850,"FA2","C","you weirdo",3,"TD"
"419","TD_444_402",15558,"FA3","A","you can just wear those",1,"TD"
"420","TD_463_254",585,"FA1","C","you remember the snowman book you read",7,"TD"
"421","TD_448_304",10864,"MA1","C","how are you",1,"TD"
"422","TD_467_433",11556,"MA1","A","sometimes he slams his head",18,"TD"
"423","TD_444_402",15610,"FA3","A","were you just",3,"TD"
"424","TD_464_188",9845,"FA2","A","they are crazy",12,"TD"
"425","TD_464_188",9962,"FA1","C","no",2,"TD"
"426","TD_477_217",8639,"UC1","C","=laughs",2,"TD"
"427","TD_443_341",4761,"FC2","C","scoot",1,"TD"
"428","TD_443_341",4427,"FA1","C","what are you gonna bake",1,"TD"
"429","TD_474_966",10678,"FA1","C","=sings",8,"TD"
"430","TD_465_541",9657,"FA1","A","oh one of Moms golf balls",8,"TD"
"431","TD_445_217",3151,"UC2","A","how do you do it",1,"TD"
"432","TD_445_217",3330,"UC3","C","ah",15,"TD"
"433","TD_477_217",9032,"UC2","A","maybe <hers>  her is hungry",1,"TD"
"434","TD_473_844",14376,"FA1","A","to be honest Im not as worried now you know since",4,"TD"
"435","TD_474_966",10573,"MA1","C","dont mess your hey dont mess your hair up",1,"TD"
"436","TD_444_402",15486,"FA1","A","you couldnt even tell",1,"TD"
"437","TD_445_217",1012,"MA1","C","here here buddy",15,"TD"
"438","TD_443_341",3587,"FC1","C","do what oh oh again",4,"TD"
"439","TD_436_678",6902,"MC1","A","opening this",1,"TD"
"440","TD_467_433",11555,"MA1","C","what do you do that for",6,"TD"
"441","TD_472_829",8068,"FA1","C","where do you want to know",5,"TD"
"442","TD_465_541",9550,"FA1","C","do you know it",3,"TD"
"443","TD_447_448",13084,"FA1","A","oh",4,"TD"
"444","TD_443_341",3680,"FC1","A","yeah I dont know where well put Megan",6,"TD"
"445","TD_463_254",668,"FA1","C","I know Bubba I know come on",5,"TD"
"446","TD_445_217",2235,"FA1","C","Danny theres two other chairs xxx",20,"TD"
"447","TD_436_678",5723,"FA2","C","moo",8,"TD"
"448","TD_473_844",14205,"FA1","A","suppose",12,"TD"
"449","TD_444_402",15542,"FA3","A","thats like a thats like a drunk friend",3,"TD"
"450","TD_436_678",7068,"MC2","A","where did it go",7,"TD"
"451","TD_449_716",15085,"UC2","O","=cries",6,"TD"
"452","TD_449_716",15090,"UC2","O","=cries",3,"TD"
"453","TD_445_217",2369,"FA1","A","xxx food summer",2,"TD"
"454","TD_464_188",10211,"UC1","C","=yells",3,"TD"
"455","TD_444_402",15788,"FA5","A","Im on the wrong xxx",4,"TD"
"456","TD_464_188",10302,"UC2","A","Dad",5,"TD"
"457","TD_443_341",4693,"MC1","C","no",6,"TD"
"458","TD_464_188",10016,"FA1","A","hows your friend",3,"TD"
"459","TD_443_341",4233,"FA1","C","uh eight oclock",2,"TD"
"460","TD_436_678",7111,"MC2","C","no",5,"TD"
"461","TD_436_678",4869,"MA1","A","who is that xxx",2,"TD"
"462","TD_472_829",7901,"FA1","C","help",5,"TD"
"463","TD_449_716",15084,"UC2","O","=cries",3,"TD"
"464","TD_472_829",8302,"UC1","A","hm ah",5,"TD"
"465","TD_472_829",8227,"FA1","C","I dont like it on you",3,"TD"
"466","TD_474_966",10561,"FC1","C","can you draw right here",2,"TD"
"467","TD_465_541",9509,"FA1","C","butterflies and flowers and a place for you to swing",7,"TD"
"468","TD_448_304",11088,"FA1","A","extra large",4,"TD"
"469","TD_472_829",8299,"UC1","A","what are these ones doing",4,"TD"
"470","TD_477_217",8433,"FA1","C","<hm> = hums",4,"TD"
"471","TD_472_829",8041,"FA1","C","want to go straight to bed",7,"TD"
"472","TD_463_254",699,"FA1","C","the moon does come out at night time I dont know if well see it tonight",17,"TD"
"473","TD_463_254",184,"FA2","A","a little cold",3,"TD"
"474","TD_449_716",14965,"UC1","A","well the kitty um if you go a little bit close into her",3,"TD"
"475","TD_449_716",14669,"FA1","C","belly button beach",2,"TD"
"476","TD_467_433",11702,"FA1","C","oh",3,"TD"
"477","TD_472_829",7209,"MA2","C","xxx theyre looking for worms xxx =laughs",7,"TD"
"478","TD_463_254",587,"FA1","C","them at night",3,"TD"
"479","TD_447_448",12058,"MA1","A","xxx its not really what we do",4,"TD"
"480","TD_445_217",2908,"UC2","C","I dont like xxx",6,"TD"
"481","TD_463_254",711,"FA1","C","do you have anything you want to talk about today",11,"TD"
"482","TD_448_304",11262,"FA1","C","do da do do do do",1,"TD"
"483","TD_472_829",7372,"FA1","C","yeah Ive got better",7,"TD"
"484","TD_449_716",14915,"UC1","A","Mommy Lockhart needs a kleenex",1,"TD"
"485","TD_443_341",3428,"FC1","C","oh",3,"TD"
"486","TD_463_254",399,"FA1","C","what",1,"TD"
"487","TD_449_716",15016,"UC2","O","=cries",1,"TD"
"488","TD_449_716",14900,"UC1","C","=laughs",8,"TD"
"489","TD_443_341",4336,"FA1","C","ow",14,"TD"
"490","TD_447_448",12465,"FA2","C","hey Anna can you back up from the tv a little bit honey and not do that please",6,"TD"
"491","TD_449_716",15123,"UC3","C","plop =laughs",14,"TD"
"492","TD_464_188",10343,"UC2","C","=laughs",4,"TD"
"493","TD_473_844",14094,"FA1","C","whos that",11,"TD"
"494","TD_447_448",13189,"UC1","A","what",3,"TD"
"495","TD_473_844",13647,"MA1","B","Lilly likes these ones these are American cars",10,"TD"
"496","TD_436_678",5223,"MA1","C","whatever one which one",7,"TD"
"497","TD_467_433",11374,"FC1","A","hes a very funny",13,"TD"
"498","TD_445_217",1090,"FA2","A","oh guess what Tess wants to do now",8,"TD"
"499","TD_443_341",4021,"FA1","A","you know",5,"TD"
"500","TD_467_433",11692,"FA1","C","dog in there",11,"TD"
"501","TD_445_217",3186,"UC3","C","uh",9,"TD"
"502","TD_477_217",8831,"UC1","A","<open the door> = whines",3,"TD"
"503","TD_473_844",13876,"FA2","C","Daddys downstairs at work",1,"TD"
"504","TD_444_402",15772,"FA4","A","=laughs",5,"TD"
"505","TD_465_541",9610,"FA1","C","peekaboo",15,"TD"
"506","TD_477_217",8987,"UC2","C","hm",1,"TD"
"507","TD_445_217",2815,"UC1","O","=screams",2,"TD"
"508","TD_472_829",8248,"FA1","C","oh its bright",1,"TD"
"509","TD_473_844",13922,"FA2","C","xxx like you hadnt slow",2,"TD"
"510","TD_445_217",1850,"FA1","C","no",6,"TD"
"511","TD_443_341",3668,"FC1","C","<xxx back in> = sings",3,"TD"
"512","TD_474_966",10691,"FA1","C","thats fine if you guys wanna get that set up with just water thats fine",8,"TD"
"513","TD_445_217",2507,"FA1","C","aw wheres my big hug",3,"TD"
"514","TD_465_541",9347,"FA1","C","apple",4,"TD"
"515","TD_445_217",1817,"FA1","C","Courtney if you wanna play with that",8,"TD"
"516","TD_465_541",9576,"FA1","C","dopey",5,"TD"
"517","TD_444_402",15688,"UC1","A","Daddy",3,"TD"
"518","TD_448_304",11020,"FA2","A","I always thought it was just an old lady store",3,"TD"
"519","TD_447_448",13261,"UC1","C","open open the gates",9,"TD"
"520","TD_477_217",8582,"FA1","C","<xxx do it> = sings",8,"TD"
"521","TD_465_541",9716,"FA1","O","<hm> = hums",3,"TD"
"522","TD_467_433",11934,"FA1","A","and then west and thats",3,"TD"
"523","TD_464_188",10065,"UC1","P","=screams",8,"TD"
"524","TD_448_304",11067,"FA1","A","you know what I think",5,"TD"
"525","TD_436_678",7056,"MC2","A","can I please sleep in your xxx",1,"TD"
"526","TD_444_402",15564,"FA3","A","um we were skipping your birthday <cus>  because you dont have one",1,"TD"
"527","TD_436_678",7013,"MC2","A","I want xxx Dad",7,"TD"
"528","TD_463_254",632,"FA1","C","spit up",2,"TD"
"529","TD_463_254",335,"FA1","C","dont know how I feel about that Tess",9,"TD"
"530","TD_436_678",6675,"MC1","B","this is xxx",1,"TD"
"531","TD_465_541",9651,"FA1","A","no he was screaming and then took a nap",11,"TD"
"532","TD_473_844",13396,"MA1","C","you going to hold Daddys hand",11,"TD"
"533","TD_436_678",5253,"MA1","C","theyre kinda complicated if",6,"TD"
"534","TD_477_217",8784,"UC1","A","=yells",3,"TD"
"535","TD_443_341",4114,"FA1","C","ok",2,"TD"
"536","TD_444_402",15505,"FA1","A","I can give you his number hes was fantastic",1,"TD"
"537","TD_444_402",15654,"UC1","C","<mm> = hums",2,"TD"
"538","TD_444_402",15229,"FA2","A","she doesnt",3,"TD"
"539","TD_464_188",9887,"FA1","C","oh yeah",3,"TD"
"540","TD_448_304",11277,"FA3","A","those ones xxx over there",6,"TD"
"541","TD_473_844",14019,"FA1","C","yeah",1,"TD"
"542","TD_436_678",7046,"MC2","C","<somethin>  something else",12,"TD"
"543","TD_473_844",14140,"FA1","A","yeah Ive just turned it down",5,"TD"
"544","TD_474_966",10829,"FA1","C","<yeah> = imitates",3,"TD"
"545","TD_474_966",10793,"FA1","C","sausage",3,"TD"
"546","TD_465_541",9719,"FA1","A","long time",1,"TD"
"547","TD_464_188",9861,"FA2","C","do what",25,"TD"
"548","TD_467_433",11776,"FA1","A","yeah",13,"TD"
"549","TD_464_188",10177,"UC1","A","gag",1,"TD"
"550","TD_477_217",8446,"FA1","C","hm",4,"TD"
"551","TD_472_829",7296,"FA1","C","what would you like me to write",1,"TD"
"552","TD_449_716",14961,"UC1","A","shes the tallest one and shes very small in real life",1,"TD"
"553","TD_472_829",8018,"FA1","C","can I walk your way",4,"TD"
"554","TD_445_217",1349,"FA2","A","for like open swim",2,"TD"
"555","TD_467_433",11340,"FC1","A","I can not blow this house down",15,"TD"
"556","TD_436_678",5493,"MA1","A","I under",3,"TD"
"557","TD_445_217",1460,"FA2","A","did it have anything sp",8,"TD"
"558","TD_463_254",663,"FA1","C","sweetheart its okay come on up",8,"TD"
"559","TD_436_678",6299,"FA5","C","yeah",5,"TD"
"560","TD_449_716",14746,"FA1","C","Elmo loves red",5,"TD"
"561","TD_463_254",619,"FA1","C","this ones called Cockadoodledoocreakpoppopmoo",19,"TD"
"562","TD_436_678",6537,"MC1","A","Daddy xxx",3,"TD"
"563","TD_445_217",2096,"FA1","A","okay",1,"TD"
"564","TD_443_341",4084,"FA1","A","but",1,"TD"
"565","TD_477_217",8475,"FA1","C","too much sesame oil",1,"TD"
"566","TD_449_716",14642,"FA2","C","right Cot",21,"TD"
"567","TD_465_541",9341,"FA1","C","teeny tiny ants",4,"TD"
"568","TD_443_341",3934,"FA1","A","xxx diagnosed xxx it would help your state of mind",3,"TD"
"569","TD_473_844",14570,"MA3","P","its okay Rob",4,"TD"
"570","TD_445_217",2060,"FA1","A","yeah",4,"TD"
"571","TD_449_716",14610,"FA2","A","yeah",5,"TD"
"572","TD_445_217",1862,"FA1","C","shes a tough nugget huh",3,"TD"
"573","TD_445_217",2480,"FA1","C","are you my sweetheart",3,"TD"
"574","TD_443_341",3483,"FC1","C","hi",5,"TD"
"575","TD_463_254",451,"FA1","C","dont we",3,"TD"
"576","TD_463_254",173,"MA2","A","Ill grab him",3,"TD"
"577","TD_464_188",9958,"FA1","C","xxx no cheating",10,"TD"
"578","TD_443_341",4281,"FA1","C","there was three",7,"TD"
"579","VI_012_562",16071,"FA2","C","y oo you found us",6,"VI"
"580","TD_444_402",15255,"FA1","C","yes maam",12,"TD"
"581","VI_012_562",16038,"MA1","C","mm",1,"VI"
"582","TD_445_217",1478,"FA2","C","no garlic bread for you",1,"TD"
"583","TD_444_402",15640,"UC1","C","=babbles",4,"TD"
"584","TD_463_254",160,"MA1","A","how are you doing with xxx right before I asked that",14,"TD"
"585","TD_473_844",14520,"MA3","A","to put it into that",14,"TD"
"586","TD_473_844",13749,"MA1","C","I love you sweetie",8,"TD"
"587","TD_464_188",10029,"FA1","A","true that",2,"TD"
"588","TD_449_716",15119,"UC3","C","=laughs",4,"TD"
"589","TD_463_254",667,"FA1","C","push",1,"TD"
"590","TD_444_402",15676,"UC1","C","ha ha ha",16,"TD"
"591","TD_436_678",6344,"FA5","C","you could",15,"TD"
"592","TD_447_448",12259,"FA2","P","<cmere>  come here dog <cmere>  come here come potty",1,"TD"
"593","TD_436_678",7038,"MC2","C","nom nom nom nom nom",4,"TD"
"594","TD_436_678",5417,"MA1","C","so that",3,"TD"
"595","TD_443_341",3641,"FC1","C","<wa oh oh> = sings",6,"TD"
"596","TD_473_844",14515,"MA3","A","then yes shes looking xxx",11,"TD"
"597","TD_473_844",13712,"MA1","C","can we draw on Lilly",1,"TD"
"598","TD_445_217",1315,"FA2","A","you may be right",16,"TD"
"599","TD_463_254",702,"FA1","C","<huh> = gasps we just passed it again",12,"TD"
"600","TD_449_716",14804,"FA1","C","<bam bam bam bam> = imitateshammer",7,"TD"
"601","TD_473_844",14562,"MA3","C","two step",9,"TD"
"602","TD_473_844",14039,"FA1","C","do you remember Sam from the university",4,"TD"
"603","TD_436_678",6249,"FA5","A","half dime its a half dime",1,"TD"
"604","TD_474_966",10766,"FA1","C","=gasps",13,"TD"
"605","TD_444_402",15529,"FA3","A","in here",2,"TD"
"606","TD_463_254",590,"FA1","C","um",1,"TD"
"607","TD_447_448",12256,"FA2","A","do you want me to help you with anything else bringing in",5,"TD"
"608","TD_449_716",14897,"FA1","A","=laughs",9,"TD"
"609","TD_444_402",15159,"FA2","A","I think theyre moving into hi",6,"TD"
"610","TD_473_844",14396,"FA1","C","<sh sh sh sh sh sh sh sh sh sh sh> = shushes",3,"TD"
"611","TD_467_433",11320,"FC1","A","um",17,"TD"
"612","TD_436_678",6223,"FA5","A","but somebody had no clue about",6,"TD"
"613","TD_449_716",14880,"FA1","A","no not like that",2,"TD"
"614","TD_444_402",15477,"FA1","A","its actually the guy that was um Donnys teacher",6,"TD"
"615","TD_463_254",163,"MA2","C","really",2,"TD"
"616","TD_444_402",15557,"FA3","A","oh end of February",2,"TD"
"617","TD_445_217",1838,"FA1","C","did she",15,"TD"
"618","TD_467_433",11731,"FA1","A","and they they seem to do a pretty good job so",3,"TD"
"619","TD_464_188",10075,"UC1","C","oh",5,"TD"
"620","TD_475_481",12001,"FA1","C","Dada",5,"TD"
"621","TD_465_541",9430,"FA1","C","what will baby find",1,"TD"
"622","TD_464_188",9829,"FA2","A","at the same time its just",6,"TD"
"623","TD_463_254",866,"UC1","A","do",1,"TD"
"624","TD_467_433",11474,"FC1","A","ow",9,"TD"
"625","VI_012_562",16318,"FA2","A","I cu I have like you can leave um",3,"VI"
"626","TD_472_829",8155,"FA1","C","which color",1,"TD"
"627","TD_467_433",11804,"FA1","A","yeah I kind of feel like that too",1,"TD"
"628","TD_448_304",11189,"FA1","A","yeah",4,"TD"
"629","TD_472_829",8074,"FA1","C","this one",1,"TD"
"630","TD_463_254",177,"MA2","C","no dont xxx",5,"TD"
"631","TD_448_304",10970,"FA2","A","or is this like a",2,"TD"
"632","TD_465_541",9669,"FA1","A","why",4,"TD"
"633","TD_464_188",10217,"UC1","A","no a xxx",1,"TD"
"634","TD_444_402",15410,"FA1","A","so our house is gonna be done like early to mid january",1,"TD"
"635","TD_448_304",11042,"FA2","A","he really did only have one ball",1,"TD"
"636","TD_473_844",14081,"FA1","C","were nice to our family arent we",4,"TD"
"637","TD_474_966",10823,"FA1","C","who is that",17,"TD"
"638","TD_463_254",770,"FA3","A","some nineteen twenty twenty one",5,"TD"
"639","TD_465_541",9688,"FA1","C","whats behi buzzing in the garden",5,"TD"
"640","TD_467_433",11691,"FA1","C","is there a dog",13,"TD"
"641","TD_436_678",4884,"MA1","C","did you take something from her",5,"TD"
"642","TD_444_402",15497,"FA1","A","they sweep up the addition area every single day when theyre done working for the day they sweep every single day like",5,"TD"
"643","TD_463_254",729,"FA1","A","and then I just couldnt get to them so we went to the yl",15,"TD"
"644","TD_445_217",1636,"FA1","C","Mommy is going to look at some books here for a second",1,"TD"
"645","TD_467_433",11896,"FA1","C","almost done Jasper almost done",10,"TD"
"646","TD_436_678",6959,"MC2","A","=cries",2,"TD"
"647","TD_467_433",11506,"MA1","C","=groanseffortfully",12,"TD"
"648","TD_477_217",8754,"UC1","C","<ha la la la la> = sings",3,"TD"
"649","TD_473_844",14521,"MA3","A","that xxx meanwhie",6,"TD"
"650","VI_012_562",16448,"FA2","C","oh",3,"VI"
"651","TD_467_433",11743,"FA1","A","yeah the nice thing about",5,"TD"
"652","TD_444_402",15239,"FA2","A","yeah that would be great",1,"TD"
"653","TD_467_433",11344,"FC1","C","=babbles",7,"TD"
"654","TD_472_829",7988,"FA1","C","you could be the pumpkin",6,"TD"
"655","TD_436_678",5580,"MA1","C","we need to be leaving",3,"TD"
"656","TD_444_402",15446,"FA1","A","torn and then like all the little things like",3,"TD"
"657","TD_448_304",11238,"FA1","C","are you tired again",11,"TD"
"658","TD_467_433",11835,"FA1","C","no were not going down there",2,"TD"
"659","VI_012_562",16910,"FA1","A","yeah",9,"VI"
"660","TD_447_448",13237,"UC1","A","what are doing",7,"TD"
"661","TD_445_217",1609,"FA1","C","okay",3,"TD"
"662","TD_472_829",8038,"FA1","C","right youre going straight to bed then",1,"TD"
"663","VI_012_562",16294,"FA2","A","its not",11,"VI"
"664","TD_473_844",14283,"FA1","A","oh jeez",3,"TD"
"665","TD_463_254",42,"FC1","C","hes looking at you guys",7,"TD"
"666","TD_467_433",11876,"FA1","C","you know what",4,"TD"
"667","TD_477_217",8901,"UC2","C","<rah> = imitatesdinosaur",7,"TD"
"668","TD_473_844",14143,"FA1","A","doesnt mention",10,"TD"
"669","TD_467_433",11631,"FA1","C","aw yoohoo",7,"TD"
"670","TD_436_678",4866,"MA1","A","it looks like your xxx",2,"TD"
"671","TD_449_716",14883,"FA1","B","=laughs",3,"TD"
"672","VI_012_562",16748,"FA1","C","bang bang bang",11,"VI"
"673","TD_436_678",6983,"MC2","C","a drum",1,"TD"
"674","VI_012_562",16655,"FA1","A","anyways so no walking wise hes doing really good",1,"VI"
"675","TD_465_541",9405,"FA1","C","whats this",3,"TD"
"676","TD_443_341",4621,"UC1","A","=whines",10,"TD"
"677","TD_448_304",11213,"FA1","A","yeah",4,"TD"
"678","TD_449_716",15079,"UC2","O","=cries",1,"TD"
"679","TD_444_402",15739,"FA4","A","because",3,"TD"
"680","TD_467_433",11880,"FA1","C","thank you",5,"TD"
"681","TD_463_254",102,"FC1","C","=yells",3,"TD"
"682","TD_436_678",6358,"FA5","C","do you want your last bite of spaghetti",5,"TD"
"683","VI_012_562",15966,"MA1","C","yeah",2,"VI"
"684","TD_447_448",12369,"FA2","C","what sweetie",3,"TD"
"685","TD_474_966",10778,"FA1","C","MissusClause says we should set off tonight",3,"TD"
"686","TD_463_254",448,"FA1","A","right",1,"TD"
"687","TD_448_304",10880,"MA1","C","oh",2,"TD"
"688","TD_463_254",383,"FA1","C","no thank you bud",4,"TD"
"689","TD_445_217",2412,"FA1","A","like father",8,"TD"
"690","TD_467_433",11912,"FA1","C","see",1,"TD"
"691","TD_445_217",1570,"FA1","C","say <squirch>  referring to Zachary",1,"TD"
"692","TD_444_402",15445,"FA1","A","oh it ended up getting like",6,"TD"
"693","TD_467_433",11836,"FA1","C","were not going down there right now",11,"TD"
"694","TD_445_217",2473,"FA1","C","does Mommy give Zachary xxx tummy",1,"TD"
"695","TD_448_304",10945,"FA2","A","xxx Rachel because thats the extra shoulder to xxx",9,"TD"
"696","TD_477_217",9057,"UC2","O","and ye shall find",5,"TD"
"697","TD_464_188",10383,"UC2","C","go",1,"TD"
"698","TD_436_678",5146,"MA1","C","not today",3,"TD"
"699","TD_465_541",9585,"FA1","C","good night little one sweet dreams",6,"TD"
"700","TD_449_716",14895,"FA1","B","and Matt went everything went well",3,"TD"
"701","TD_447_448",13327,"UC1","U","uh oh",3,"TD"
"702","TD_449_716",14646,"FA1","A","is it under I mean oh is it under that those papers on the counter did I",5,"TD"
"703","TD_465_541",9399,"FA1","C","what else is there",5,"TD"
"704","TD_444_402",15572,"FA3","A","and then the other one which he was nervous about Ihave no idea xxx",6,"TD"
"705","TD_449_716",14707,"FA1","A","right",14,"TD"
"706","TD_477_217",8661,"UC1","A","<xxx> = whines",10,"TD"
"707","TD_448_304",11187,"FA1","A","why do they call it DressBarn too I dont know",9,"TD"
"708","TD_467_433",11410,"FC1","A","yes",11,"TD"
"709","TD_444_402",15456,"FA1","A","= laughs",3,"TD"
"710","TD_436_678",6791,"MC1","C","=laughs",9,"TD"
"711","TD_436_678",4959,"MA1","C","when Janeys done playing with it you can get it",8,"TD"
"712","TD_443_341",4566,"UC1","A","Im xxx",6,"TD"
"713","TD_445_217",3113,"UC2","A","Batman will save them",3,"TD"
"714","TD_463_254",14,"FC1","A","Mommy xxx",4,"TD"
"715","TD_445_217",2767,"UC1","A","more apple",1,"TD"
"716","TD_472_829",7504,"FA1","C","say hello",10,"TD"
"717","TD_477_217",8590,"FA1","C","Emmie do you wanna",7,"TD"
"718","TD_436_678",5955,"FA1","A","yeah",3,"TD"
"719","TD_444_402",15484,"FA1","A","yeah",1,"TD"
"720","TD_464_188",10123,"UC1","A","huh",4,"TD"
"721","TD_463_254",494,"FA1","A","ol ol sl",3,"TD"
"722","TD_448_304",11073,"FA1","A","oh he just she just likes the",8,"TD"
"723","TD_467_433",11930,"FA1","C","on his feet",3,"TD"
"724","TD_474_966",10566,"MA1","C","Autumn let Mom brush your hair",4,"TD"
"725","TD_436_678",6833,"MC1","C","cut",4,"TD"
"726","TD_449_716",14792,"FA1","C","yeah",8,"TD"
"727","TD_477_217",8675,"UC1","A","ah look xxx",3,"TD"
"728","TD_477_217",8543,"FA1","C","Im lookin go to the bathroom Abby",4,"TD"
"729","TD_449_716",14898,"UC1","A","I think",8,"TD"
"730","TD_463_254",595,"FA1","C","this is all about",4,"TD"
"731","TD_448_304",11159,"FA1","A","oh",10,"TD"
"732","TD_463_254",19,"FC1","A","can I do it xxx",6,"TD"
"733","TD_474_966",10816,"FA1","C","oh look at this",3,"TD"
"734","TD_463_254",461,"FA1","A","=laughs",3,"TD"
"735","TD_448_304",11278,"FA3","A","for a mens shirt",5,"TD"
"736","TD_464_188",10207,"UC1","A","Aunt Sunny look at us",5,"TD"
"737","TD_465_541",9200,"FA2","C","no baby",10,"TD"
"738","TD_465_541",9614,"FA1","C","<happy and you know it stomp your feet> = sings",5,"TD"
"739","TD_464_188",9899,"FA1","C","xxx sit up please come right here",7,"TD"
"740","TD_463_254",123,"FC1","A","Mommy xxx",4,"TD"
"741","TD_436_678",5307,"MA1","A","thank you so much",7,"TD"
"742","TD_443_341",4668,"MC1","C","xxx Im singing xxx",5,"TD"
"743","TD_465_541",9566,"FA1","C","the duck and the baby",3,"TD"
"744","VI_012_562",16634,"FA1","A","he doesnt mind",6,"VI"
"745","TD_449_716",14844,"FA1","B","=laughs",3,"TD"
"746","TD_463_254",359,"FA1","C","Mommy took away your fun its not cool",9,"TD"
"747","TD_448_304",10868,"MA1","A","whats her uh whats her motto",3,"TD"
"748","VI_012_562",16613,"FA1","A","so yeah hell do about ten steps right now",7,"VI"
"749","TD_477_217",8652,"UC1","C","I saw eight legs",10,"TD"
"750","TD_477_217",8403,"FA1","A","sure",6,"TD"
"751","TD_477_217",8696,"UC1","A","ah",1,"TD"
"752","TD_477_217",8337,"MA1","C","<do as Im doing> = sings",2,"TD"
"753","TD_448_304",11122,"FA1","C","oh ha",8,"TD"
"754","TD_436_678",6644,"MC1","C","please stop",1,"TD"
"755","TD_464_188",10305,"UC2","A","no no",4,"TD"
"756","TD_436_678",6018,"FA1","C","whos that",6,"TD"
"757","TD_449_716",14949,"UC1","O","its three oclock its <four oclock> = yells",1,"TD"
"758","TD_467_433",11654,"FA1","C","wheres your baby nose",7,"TD"
"759","TD_445_217",2832,"UC1","O","whee",2,"TD"
"760","TD_463_254",453,"FA1","C","yeah",1,"TD"
"761","TD_464_188",10386,"UC2","C","<get set go> = laughs",6,"TD"
"762","TD_463_254",465,"FA1","C","remember this one",3,"TD"
"763","TD_436_678",6313,"FA5","C","Ill put it right there",4,"TD"
"764","TD_445_217",2066,"FA1","C","are you singing",3,"TD"
"765","TD_463_254",59,"FC1","A","Mom Mom Mom Mom",1,"TD"
"766","TD_474_966",10703,"FA1","C","go ahead",1,"TD"
"767","TD_449_716",14701,"FA1","A","um",1,"TD"
"768","TD_477_217",8650,"UC1","C","yeah",3,"TD"
"769","TD_444_402",15174,"FA2","A","its a lot",1,"TD"
"770","TD_444_402",15618,"UC1","A","I already did",2,"TD"
"771","TD_477_217",8485,"FA1","C","no maam",1,"TD"
"772","TD_463_254",37,"FC1","A","why do we have to w",6,"TD"
"773","TD_436_678",5616,"MA2","A","<oh> = gasps",5,"TD"
"774","TD_447_448",12187,"MA1","A","I think we we did a winner there",13,"TD"
"775","TD_463_254",560,"FA1","A","then I got really",5,"TD"
"776","TD_464_188",10299,"UC2","C","out where",4,"TD"
"777","TD_473_844",13437,"MA1","A","sometimes fail xxx",4,"TD"
"778","TD_465_541",9271,"FA1","C","yeah",6,"TD"
"779","TD_464_188",10189,"UC1","A","=laughs a boop cat",3,"TD"
"780","TD_473_844",13392,"MA1","C","<mm> = growls",4,"TD"
"781","TD_472_829",8000,"FA1","A","I told him he could have his xxx",1,"TD"
"782","TD_436_678",6598,"MC1","C","hah",5,"TD"
"783","TD_436_678",5514,"MA1","C","<cuz>  because the cars back here",6,"TD"
"784","TD_444_402",15627,"UC1","C","<doo doo> = sings",1,"TD"
"785","TD_477_217",8394,"FA1","A","about how she hears and how she talks",14,"TD"
"786","TD_467_433",11877,"FA1","C","not dont fall",2,"TD"
"787","TD_445_217",2865,"UC1","A","yeah",7,"TD"
"788","TD_474_966",10469,"FC1","B","Santa",4,"TD"
"789","TD_463_254",672,"FA1","C","its okay",2,"TD"
"790","TD_445_217",3127,"UC2","A","whered you put it",1,"TD"
"791","TD_473_844",13446,"MA1","A","all have",5,"TD"
"792","TD_436_678",5508,"MA1","C","get your shoe on",12,"TD"
"793","TD_464_188",9747,"MA1","A","xxx start the same minutes I thought they were at home",3,"TD"
"794","TD_467_433",11638,"FA1","C","okay well I have to take care take care of your poop",8,"TD"
"795","TD_447_448",12701,"FA1","A","<cuz>  because Ill need it for",1,"TD"
"796","TD_467_433",11834,"FA1","A","put the stuff on xxx",12,"TD"
"797","TD_449_716",14580,"FA2","C","off of that",2,"TD"
"798","TD_472_829",7976,"FA1","C","xxx Halloween xxx",3,"TD"
"799","TD_467_433",11434,"FC1","A","I said I think Jasper wants his coat on",6,"TD"
"800","TD_448_304",10922,"FA2","A","the blue one right",10,"TD"
"801","TD_445_217",2725,"UC1","A","more apple",5,"TD"
"802","TD_463_254",274,"FA2","A","oh I know",3,"TD"
"803","TD_449_716",14832,"FA1","C","yay",3,"TD"
"804","TD_445_217",2871,"UC1","A","Daddy",3,"TD"
"805","VI_012_562",16162,"FA2","A","my brother and I were",2,"VI"
"806","TD_449_716",15100,"UC3","C","=laughs",4,"TD"
"807","TD_477_217",8533,"FA1","C","so it would be",1,"TD"
"808","TD_463_254",381,"FA1","C","all done go xxx",5,"TD"
"809","TD_464_188",10350,"UC2","A","well she won",1,"TD"
"810","TD_436_678",6720,"MC1","A","hes a really small",10,"TD"
"811","TD_473_844",14103,"FA1","A","if Angelines only just gone down for a nap",10,"TD"
"812","TD_473_844",14505,"UC1","A","Mama",1,"TD"
"813","TD_473_844",13973,"FA2","C","and kisskiss to grandpa",7,"TD"
"814","TD_444_402",15756,"FA4","A","thatd be nice",3,"TD"
"815","TD_444_402",15608,"FA3","A","they actually care",3,"TD"
"816","TD_443_341",3501,"FC1","A","Jessie",5,"TD"
"817","TD_472_829",8149,"FA1","C","yep you choose one",5,"TD"
"818","TD_445_217",2439,"FA1","C","theyre all mixed up",9,"TD"
"819","TD_447_448",12360,"FA2","C","she might not know how to play hide and seek",13,"TD"
"820","TD_444_402",15420,"FA1","C","youll have a newborn by then",7,"TD"
"821","VI_012_562",16604,"FA1","C","oh lets go say hi",7,"VI"
"822","TD_436_678",5292,"MA1","A","yeah",3,"TD"
"823","TD_463_254",230,"FA2","A","so the humbug witch the humbug rabbit",5,"TD"
"824","TD_448_304",11198,"FA1","A","now I had this idea but he was like oh we cant use it <til>  until summertime",5,"TD"
"825","TD_443_341",4499,"UC1","C","uh la la la",1,"TD"
"826","TD_477_217",8865,"UC1","C","oo",3,"TD"
"827","TD_477_217",8942,"UC2","O","owie",3,"TD"
"828","TD_472_829",8104,"FA1","C","this one",11,"TD"
"829","TD_463_254",107,"FC1","A","Daddys waiting for us at home",9,"TD"
"830","VI_012_562",16522,"FA2","C","bye Henry",25,"VI"
"831","TD_447_448",12616,"FA1","A","and those probably can do the whole",1,"TD"
"832","TD_436_678",4887,"MA1","C","youre reading the book",7,"TD"
"833","TD_463_254",180,"MA2","A","do you need anything",6,"TD"
"834","TD_464_188",10018,"FA1","A","oh yeah",3,"TD"
"835","TD_477_217",8825,"UC1","A","<open the door> = whines",3,"TD"
"836","TD_448_304",10920,"FA2","A","you think I should respect Amiras wishes",7,"TD"
"837","TD_474_966",10611,"FA1","C","chicken",6,"TD"
"838","TD_444_402",15750,"FA4","A","like dog xxx",12,"TD"
"839","TD_463_254",630,"FA1","C","mmhm",2,"TD"
"840","TD_444_402",15203,"FA2","A","I have pictured xxx thinking about it",2,"TD"
"841","TD_474_966",10499,"FC1","O","=singsditty",2,"TD"
"842","TD_448_304",11131,"FA1","C","uh oh",22,"TD"
"843","TD_477_217",8402,"FA1","A","mmhm",1,"TD"
"844","VI_012_562",16682,"FA1","A","so they were we xxx like a car in a fake gas station",8,"VI"
"845","TD_448_304",11040,"FA2","A","xxx your xxx",1,"TD"
"846","TD_447_448",12305,"FA2","A","=laughs it doesnt matter just do that",6,"TD"
"847","TD_444_402",15390,"FA1","A","he well they both fell asleep on the way here",9,"TD"
"848","TD_436_678",5735,"FA1","A","xxx put the xxx",4,"TD"
"849","TD_447_448",12556,"FA1","C","were not leaving",7,"TD"
"850","TD_443_341",3516,"FC1","C","hi",7,"TD"
"851","TD_467_433",11441,"FC1","C","Im gonna get you",3,"TD"
"852","TD_445_217",2905,"UC2","A","yes I do",6,"TD"
"853","TD_465_541",9299,"FA1","A","the word wait is not in his vocabulary anymore",1,"TD"
"854","TD_436_678",6773,"MC1","A","I need to get out",14,"TD"
"855","TD_477_217",8438,"FA1","C","<hm> = hums",8,"TD"
"856","TD_445_217",1721,"FA1","A","yeah",3,"TD"
"857","TD_436_678",5682,"FA2","C","xxx one of my favorites",8,"TD"
"858","TD_472_829",8224,"FA1","C","okay Ill just put this near you",4,"TD"
"859","TD_444_402",15329,"FA1","A","<ge> = laughs get a bottle of crown =laughs",1,"TD"
"860","TD_445_217",2821,"UC1","O","=screams",7,"TD"
"861","TD_472_829",7770,"FA1","C","I dont even know when thats from",4,"TD"
"862","TD_472_829",7704,"FA1","C","Daddys noisy",1,"TD"
"863","TD_472_829",7671,"FA1","C","=chuckles",4,"TD"
"864","TD_463_254",235,"FA2","C","do you wanna bring that home to read",8,"TD"
"865","TD_445_217",1642,"FA1","C","get your coat",9,"TD"
"866","TD_445_217",2531,"UC1","A","yeah",5,"TD"
"867","TD_473_844",14026,"FA1","A","thank you very much",3,"TD"
"868","TD_465_541",9697,"FA1","C","oh =shushes",21,"TD"
"869","TD_445_217",2386,"FA1","C","scooch closer",1,"TD"
"870","TD_475_481",12002,"FA1","C","say <la la la la la la la la la> = babbles",6,"TD"
"871","TD_443_341",3973,"FA1","A","its you know its time",3,"TD"
"872","TD_447_448",12863,"FA1","C","<do do do do do do do do do do do do do> = whispers",11,"TD"
"873","TD_472_829",8312,"UC1","A","what is that xxx",3,"TD"
"874","TD_472_829",7411,"FA1","C","lets get in the car there",1,"TD"
"875","TD_444_402",15338,"FA1","A","yeah",5,"TD"
"876","TD_444_402",15603,"FA3","C","so nice",1,"TD"
"877","TD_436_678",6473,"FA5","C","you want this roll",3,"TD"
"878","TD_463_254",295,"FA2","C","okay",1,"TD"
"879","TD_445_217",3356,"UC3","C","why are we go",4,"TD"
"880","TD_473_844",13817,"MA2","A","if you get xxx use it dont you",3,"TD"
"881","TD_465_541",9364,"FA1","C","a ladybug",9,"TD"
"882","TD_444_402",15365,"FA1","A","thats awesome sauce",11,"TD"
"883","TD_474_966",10479,"FC1","B","doggy",1,"TD"
"884","TD_472_829",7492,"FA1","C","the white",2,"TD"
"885","TD_472_829",7281,"FA1","C","whats the matter",1,"TD"
"886","TD_473_844",14531,"MA3","A","also xxx",11,"TD"
"887","TD_467_433",11476,"FC1","A","what",9,"TD"
"888","VI_012_562",15806,"MA1","A","its probably our fault because we started bouncing off the stairs",5,"VI"
"889","TD_475_481",11994,"FA1","C","<where you going> = laughs",4,"TD"
"890","TD_464_188",10070,"UC1","A","=vocalizes",1,"TD"
"891","TD_464_188",9866,"FA2","C","do you watch her when she sleeps",19,"TD"
"892","TD_467_433",11314,"FC1","A","um",10,"TD"
"893","TD_447_448",13135,"FA1","C","no",5,"TD"
"894","TD_444_402",15274,"FA1","C","<ah> = screams",12,"TD"
"895","TD_449_716",14985,"UC1","B","=laughs",4,"TD"
"896","TD_477_217",8766,"UC1","A","=yells",3,"TD"
"897","TD_467_433",11657,"FA1","C","thats your ear",6,"TD"
"898","TD_444_402",15407,"FA1","A","donny can help",7,"TD"
"899","TD_465_541",9483,"FA1","C","<hot dog do do do do do do> = sings",6,"TD"
"900","VI_012_562",16820,"FA1","C","no no",9,"VI"
"901","TD_444_402",15383,"FA1","A","okay <cus>  because I thought it had something to do with the um",7,"TD"
"902","TD_477_217",8923,"UC2","C","ah no no",15,"TD"
"903","TD_445_217",2541,"UC1","A","<church> = imitatessquirch",1,"TD"
"904","TD_449_716",14801,"FA1","C","listen to all the sounds of Sesame Street",4,"TD"
"905","TD_445_217",2097,"FA1","A","mm",1,"TD"
"906","TD_445_217",2243,"FA1","C","huh",2,"TD"
"907","VI_012_562",16095,"FA2","C","oo",13,"VI"
"908","TD_447_448",13108,"FA1","A","seasonings",9,"TD"
"909","TD_448_304",10905,"MA1","A","and we just let her",1,"TD"
"910","TD_463_254",261,"FA2","C","this xxx spider",4,"TD"
"911","TD_443_341",4790,"FC2","A","kay",15,"TD"
"912","TD_465_541",9228,"FA2","O","mm",14,"TD"
"913","TD_447_448",13117,"FA1","C","come here",5,"TD"
"914","TD_464_188",10377,"UC2","C","you have to touch",4,"TD"
"915","VI_012_562",17044,"FA1","A","just like it just needs it around the ears and in the back",5,"VI"
"916","TD_445_217",2458,"FA1","C","xxx the pieces are mixed up",3,"TD"
"917","TD_465_541",9474,"FA1","C","xxx take him with you",3,"TD"
"918","TD_444_402",15319,"FA1","A","yeah I think so",3,"TD"
"919","TD_463_254",693,"FA1","C","take the detour",3,"TD"
"920","TD_467_433",11528,"MA1","C","alright lets not walk into the street Jasper",15,"TD"
"921","TD_436_678",6849,"MC1","C","<ow> = yells",6,"TD"
"922","TD_463_254",840,"UC1","C","oh =laughs no",5,"TD"
"923","TD_477_217",8695,"UC1","A","I dont want to take that",5,"TD"
"924","TD_443_341",4672,"MC1","C","<Im sorry Im crazy> = sings",19,"TD"
"925","TD_464_188",10362,"UC2","A","um",1,"TD"
"926","TD_465_541",9305,"FA1","A","listen to you",3,"TD"
"927","TD_467_433",11786,"FA1","A","well hopefully it wont be too bad",6,"TD"
"928","TD_463_254",541,"FA1","A","I know thats true",5,"TD"
"929","TD_465_541",9140,"FA2","B","soon",8,"TD"
"930","TD_465_541",9629,"FA1","C","ruff ruff rah",1,"TD"
"931","TD_463_254",684,"FA1","C","Silas xxx okay",4,"TD"
"932","TD_436_678",5119,"MA1","C","I dont want to grab your face like this",2,"TD"
"933","TD_464_188",10370,"UC2","A","shes tries to",7,"TD"
"934","TD_467_433",11574,"FA2","A","turkkey came out so good this year",4,"TD"
"935","TD_443_341",3886,"FA1","A","I love you enough",1,"TD"
"936","TD_443_341",4626,"MC1","A","what",9,"TD"
"937","TD_465_541",9327,"FA1","C","whats climbing up the web",3,"TD"
"938","TD_443_341",3880,"FA1","A","you know I love you enough that",4,"TD"
"939","TD_475_481",11958,"MA1","C","okay come on",5,"TD"
"940","VI_012_562",16958,"FA1","A","yeah I have not had any luck on stairs I dont know if anybody else has tried but",3,"VI"
"941","TD_464_188",10291,"UC2","A","and I dove into it",6,"TD"
"942","TD_445_217",1903,"FA1","A","you didnt have a cover",6,"TD"
"943","TD_477_217",8913,"UC2","C","do do do do",6,"TD"
"944","TD_463_254",469,"FA1","C","Toby",1,"TD"
"945","TD_472_829",8101,"FA1","C","what color",9,"TD"
"946","TD_436_678",6004,"FA1","A","no Ohio State",6,"TD"
"947","TD_444_402",15181,"FA2","A","=laughs",3,"TD"
"948","TD_473_844",14003,"FA1","A","something bit me",8,"TD"
"949","VI_012_562",16220,"FA2","C","whoa",9,"VI"
"950","TD_444_402",15781,"FA4","C","pew",4,"TD"
"951","TD_473_844",14492,"UC1","C","=whines",1,"TD"
"952","TD_472_829",7417,"FA1","C","<cos>  because thats where you buy food from",3,"TD"
"953","TD_474_966",10563,"FC1","B","we already know it",4,"TD"
"954","TD_464_188",10025,"FA1","A","uh I dont remember I dont think",2,"TD"
"955","TD_448_304",11113,"FA1","A","yeah",16,"TD"
"956","TD_444_402",15546,"FA3","C","you nailed it",1,"TD"
"957","TD_473_844",14113,"FA1","A","hm just turn it off and then back on again and it comes back in",13,"TD"
"958","TD_444_402",15595,"FA3","A","okay",1,"TD"
"959","TD_472_829",7872,"FA1","C","leave that",1,"TD"
"960","TD_448_304",11252,"FA1","C","yeah",2,"TD"
"961","TD_472_829",7869,"FA1","C","no",3,"TD"
"962","TD_449_716",14692,"FA1","A","well I xxx at what",2,"TD"
"963","TD_449_716",14695,"FA1","A","xxx look at but not so much on the weekends yeah",8,"TD"
"964","TD_465_541",9155,"FA2","A","its closer to the office",7,"TD"
"965","TD_467_433",11487,"FC1","C","<home is home> = sings",9,"TD"
"966","TD_449_716",14862,"FA1","A","yeah",2,"TD"
"967","TD_474_966",10524,"FC1","C","<xxx indeed> = whispers",1,"TD"
"968","TD_477_217",8554,"FA1","C","thats a great question",5,"TD"
"969","TD_474_966",10618,"FA1","C","the chick",4,"TD"
"970","TD_477_217",9037,"UC2","C","yep",4,"TD"
"971","TD_474_966",10682,"FA1","C","the duck waddles to and fro",11,"TD"
"972","TD_436_678",5808,"FA1","A","xxx in the pig pen",1,"TD"
"973","TD_449_716",15050,"UC2","O","=cries",9,"TD"
"974","TD_443_341",4081,"FA1","A","her heads in a fog and she cant",1,"TD"
"975","TD_444_402",15745,"FA4","C","child",4,"TD"
"976","TD_443_341",4150,"FA1","C","<yeah baby> = imitates",1,"TD"
"977","TD_477_217",8829,"UC1","A","<open the> = whines",6,"TD"
"978","TD_464_188",9843,"FA2","C","what are you doing",2,"TD"
"979","TD_474_966",10679,"FA1","C","alright what is this",3,"TD"
"980","TD_477_217",9038,"UC2","C","let me have the xxx",7,"TD"
"981","TD_436_678",6078,"FA1","A","I just listened to a story about a coin person",2,"TD"
"982","TD_444_402",15193,"FA2","A","yeah",5,"TD"
"983","TD_467_433",11358,"FC1","A","what does that spell",3,"TD"
"984","VI_012_562",15858,"MA1","C","its a good jam",1,"VI"
"985","TD_467_433",11511,"MA1","C","<whatever your name happens to be> = imitatesbritishaccent",3,"TD"
"986","TD_467_433",11825,"FA1","C","do you see that what do you see over there",11,"TD"
"987","TD_475_481",11974,"FA1","C","zoom",15,"TD"
"988","TD_463_254",215,"FA2","C","yum yum",1,"TD"
"989","TD_473_844",14383,"FA1","C","is you hurt",6,"TD"
"990","TD_445_217",1388,"FA2","A","well and they dont even o",4,"TD"
"991","TD_444_402",15470,"FA1","A","we have a couple more things to pick out like the xxx",1,"TD"
