paragraph_id,sentence_id,sentence,token_id,token,lemma,head_token_id,dep_rel,deps,misc,manual_temporality
845,1,okay alright come on,2,alright,alright,3,aux,NA,NA,displaced
303,1,they just just avoiding the whole situation,4,avoiding,avoid,0,root,NA,NA,present
777,1,<yeah baby> = imitates,3,baby,baby,0,root,NA,SpaceAfter=No,uncategorized
657,1,then the girls are all gonna get older,4,are,be,6,aux,NA,NA,displaced
917,1,yeah they definitely are going to question a little,4,are,be,5,aux,NA,NA,displaced
22,1,are you are you gonna take it downstairs for me,1,are,be,5,aux,NA,NA,displaced
483,1,are you gonna sell the house,1,are,be,3,aux,NA,NA,displaced
247,1,not all ducks are <gonna>,4,are,be,6,cop,NA,NA,displaced
1649,1,so are you planning on going to Laurenberg,2,are,be,4,aux,NA,NA,displaced
106,1,no youd be so stuffed,3,be,be,5,cop,NA,NA,displaced
605,1,Id be on one end,2,be,be,5,cop,NA,NA,displaced
77,1,been there its a straight shot,1,been,be,2,cop,NA,NA,displaced
961,1,its been a while,2,been,be,4,cop,NA,NA,displaced
1101,1,her contacts been bothering her all day,3,been,be,4,aux,NA,NA,displaced
1245,1,Im gonna play some keys,2,m,be,3,aux,NA,NA,displaced
815,1,Im <gon>,2,m,be,4,aux,NA,NA,displaced
330,2,Im going to show you something,2,m,be,3,aux,NA,NA,displaced
451,1,Im gonna lift you up baby,2,m,be,3,aux,NA,NA,displaced
47,2,Im gonna put my guitar up,2,m,be,3,aux,NA,NA,displaced
1159,2,Im gonna pour the water in,2,m,be,3,aux,NA,NA,displaced
504,1,well thats what I was just saying to her earlier,3,s,be,4,cop,NA,NA,displaced
78,1,because that that was just cicada killer and its not gonna hurt you,4,was,be,7,cop,NA,NA,displaced
1692,1,oh my goodness what a great wave that was,9,was,be,7,cop,NA,SpacesAfter=\n,displaced
383,1,that I was leaving =laughs,3,was,be,4,aux,NA,NA,displaced
861,1,and he was doing that and the cabinet door um kind of closed abrubtly and um,3,was,be,4,aux,NA,NA,displaced
581,1,it was,2,was,be,0,root,NA,SpacesAfter=\n,displaced
551,1,<BillieJean was not my lover oh> = sings,3,was,be,6,cop,NA,NA,displaced
851,1,it was like,2,was,be,3,cop,NA,NA,displaced
1306,1,and he was like,3,was,be,4,cop,NA,NA,displaced
225,1,what was that,2,was,be,0,root,NA,NA,displaced
393,1,<whose name was Tiny Tim> = sings,4,was,be,6,cop,NA,NA,displaced
148,1,Daddy how was your day,3,was,be,5,cop,NA,NA,displaced
182,1,well my xxx was saying that before he came out and I xxx,4,was,be,5,aux,NA,NA,displaced
82,1,was she like its Marie not Maria,1,was,be,3,aux,NA,NA,displaced
1931,1,oh I was like hes like a famous person,3,was,be,5,cop,NA,NA,displaced
575,1,because I was like we have,3,was,be,0,root,NA,NA,displaced
752,1,but just as she was about to slink inside,5,was,be,6,cop,NA,NA,displaced
777,1,so like for him like there wasnt really,7,was,be,4,advcl,NA,SpaceAfter=No,displaced
604,1,maybe it was when we you thought you were hitting the timer yeah,3,was,be,0,root,NA,NA,displaced
288,1,we were by everything outside,2,were,be,4,cop,NA,NA,displaced
490,1,were gonna get some trouble right here,1,were,be,2,aux,NA,NA,displaced
705,1,were gonna make our way that way,1,were,be,2,aux,NA,NA,displaced
224,1,uh so we my husband and I were looking at each other like okay and then she,8,were,be,9,aux,NA,NA,displaced
502,1,three we were good and then when we were down at your moms for um chatting with Peg and stuff at like five o clock she like spit up a bunch of mucus but before I gave her her three o clock bottle I pulled off a bunch of hair xxx,3,were,be,4,cop,NA,NA,displaced
81,1,and if were very quiet now shell say it right away,3,were,be,5,cop,NA,NA,displaced
170,1,what you were doing,3,were,be,4,aux,NA,NA,displaced
1057,1,how were they,2,were,be,1,cop,NA,NA,displaced
1378,1,<long to be> = sings,4,be,be,7,cop,NA,SpaceAfter=No,displaced
524,1,<yeah be like> = laughs,3,be,be,4,cop,NA,NA,displaced
381,1,its just its really not and I cant control what my boss says I cant control the fact that I gave you notice,4,s,be,5,cop,NA,NA,displaced
544,1,were not going down there right now,1,were,be,3,aux,NA,NA,displaced
93,1,were actually going to the store right now,1,were,be,3,aux,NA,NA,displaced
123,1,and then were finished,3,were,be,4,aux:pass,NA,NA,displaced
1304,1,were gonna drive to Grandma Grandpas,1,were,be,2,aux,NA,NA,displaced
269,1,her being well you might not be that blind but pretty close,2,being,be,9,cop,NA,NA,displaced
1008,1,Im gonna eat it =gobbles,2,m,be,3,aux,NA,NA,displaced
320,1,but thankfully its not too long bad for too long,4,s,be,7,cop,NA,NA,displaced
800,1,xxx and then Im going to quit,5,m,be,6,aux,NA,NA,displaced
299,1,shes like Im not missing it,4,m,be,6,aux,NA,NA,displaced
1732,1,Im going to get it cleaned up,2,m,be,3,aux,NA,NA,displaced
930,1,well Im trying to go anyway,3,m,be,4,aux,NA,NA,displaced
251,1,yeah <cus> because she yeah <cus> because her mom is selling their,14,is,be,15,aux,NA,NA,displaced
119,1,is stand up and Ill show you,1,is,be,2,aux,NA,NA,displaced
1137,1,Im trying to remember what number my mother said,2,m,be,3,aux,NA,NA,displaced
1612,1,were going to set it on the stool over there and put it back on after nap,1,were,be,2,aux,NA,NA,displaced
1047,1,your swimming season is so much shorter unless you have a way to get to it,4,is,be,7,cop,NA,NA,displaced
569,1,anything thats gonna you know make it easier xxx,3,s,be,4,aux,NA,NA,displaced
230,1,it sometimes it is,4,is,be,0,root,NA,SpacesAfter=\n,present
153,1,although its not super max xxx,3,s,be,7,cop,NA,NA,present
343,1,<were getting our xxx were following so long for now from Mickey Mouse> = sings,2,were,be,3,aux,NA,NA,present
2,1,the way the record is going,5,is,be,6,aux,NA,NA,present
9,1,well there is this one,3,is,be,0,root,NA,NA,present
954,1,while this one here is,5,is,be,0,root,NA,SpacesAfter=\n,present
606,2,one is all gone yeah,2,is,be,4,cop,NA,NA,present
148,1,Im gonna get you,2,m,be,3,aux,NA,NA,present
128,1,Im gonna get you,2,m,be,3,aux,NA,NA,present
269,3,Im like,2,m,be,3,aux,NA,NA,present
1032,1,thats right thats what you fill xxx,4,s,be,5,cop,NA,NA,present
514,1,thats the best huh,2,s,be,5,cop,NA,NA,present
1226,1,but its better,3,s,be,4,cop,NA,NA,present
319,1,were super here in that water,1,were,be,3,cop,NA,NA,present
117,1,is like this tall and fat,1,is,be,4,cop,NA,NA,present
443,1,<of my world is in Miles> = sings,5,is,be,7,cop,NA,NA,present
7,1,<where is this> = whispers,3,is,be,2,cop,NA,NA,present
895,1,its up to eighty pounds is what it holds,6,is,be,7,cop,NA,NA,present
102,1,is the older one Mindys,1,is,be,5,cop,NA,NA,present
277,1,are you coming to find us Whitman,1,are,be,3,aux,NA,NA,present
487,1,are you getting hungry,1,are,be,3,aux,NA,NA,present
437,1,where are you <goin>,2,are,be,1,cop,NA,NA,present
1843,1,be then be thirsty,1,be,be,4,aux,NA,NA,present
243,1,I its over here extra larges,3,s,be,7,cop,NA,NA,present
381,1,Mommy its not fair,3,s,be,5,cop,NA,NA,present
611,1,oh thats funny,3,s,be,4,cop,NA,NA,present
159,1,yeah thats my coat yeah,3,s,be,5,cop,NA,NA,present
327,1,thats a gully,2,s,be,4,cop,NA,NA,present
836,1,alright were going to leave the wipes nope going to leave the wipes there we go,2,were,be,3,aux,NA,NA,present
839,1,nope were going to leave the wipes,2,were,be,3,aux,NA,NA,present
2478,1,why are we go,2,are,be,4,aux,NA,NA,present
714,1,fancy day xxx to be silly with this,5,be,be,6,cop,NA,NA,present
296,1,just be careful theres a baby I think in front of the door,2,be,be,3,cop,NA,NA,present
263,1,there you are,3,are,be,1,cop,NA,SpacesAfter=\n,present
267,1,those are the words,2,are,be,4,cop,NA,NA,present
1060,1,why are you in trouble,2,are,be,5,cop,NA,NA,present
1111,1,are those pants too small,1,are,be,5,cop,NA,NA,present
258,1,hey hey hey what are you doing,5,are,be,7,aux,NA,NA,present
185,1,are you making a big mess,1,are,be,3,aux,NA,NA,present
108,1,are these uh n no extra larges,1,are,be,3,cop,NA,NA,present
398,1,oh are they,2,are,be,1,cop,NA,NA,present
312,1,what are those hiding on the window sill,2,are,be,4,aux,NA,NA,present
320,1,what are you doing,2,are,be,4,aux,NA,NA,present
652,1,are you my,1,are,be,3,cop,NA,NA,present
72,1,those are Nannys glasses,2,are,be,4,cop,NA,NA,present
257,1,uh what are you doing,3,are,be,5,aux,NA,NA,present
229,1,ah what are you doing,3,are,be,5,aux,NA,NA,present
166,1,what are you doing xxx,2,are,be,4,aux,NA,NA,present
270,1,spiders are scary,2,are,be,3,cop,NA,NA,present
499,1,yeah those are your toys,3,are,be,5,cop,NA,NA,present
20,1,are you so big,1,are,be,4,cop,NA,NA,present
1091,1,are you taking your socks off again,1,are,be,3,aux,NA,NA,present
1143,1,are you smiling at Miles,1,are,be,3,aux,NA,NA,present
293,1,those are your toes xxx,2,are,be,4,cop,NA,NA,present
153,1,you are really silly monkeys today,2,are,be,5,cop,NA,NA,present
163,1,are you thirsty,1,are,be,3,cop,NA,NA,present
337,1,pants are too small now,2,are,be,4,cop,NA,NA,present
280,1,are you getting sleepy,1,are,be,3,aux,NA,NA,present
377,1,what is that,2,is,be,0,root,NA,NA,present
233,1,what is that,2,is,be,0,root,NA,NA,present
49,1,Max is trying to fool us all isnt he Dad,2,is,be,3,aux,NA,NA,present
164,1,my uncle Bill is like loves to tell stories,4,is,be,0,root,NA,NA,present
1,1,xxx is out there,2,is,be,4,cop,NA,NA,present
682,1,what is it,2,is,be,1,cop,NA,NA,present
833,1,what is she doing,2,is,be,4,aux,NA,NA,present
1163,1,what is that xxx,2,is,be,0,root,NA,NA,present
1137,1,is that,1,is,be,0,root,NA,NA,present
342,1,and what shape is it,4,is,be,0,root,NA,NA,present
708,1,mm over there is ours,4,is,be,0,root,NA,NA,present
491,1,wow Venus is the hottest planet in the solar system,3,is,be,6,cop,NA,NA,present
1547,1,that is still pretty hot,2,is,be,5,cop,NA,NA,present
370,1,who is that baby,2,is,be,0,root,NA,NA,present
700,1,xxx is it <playin> playing,2,is,be,5,aux,NA,NA,present
225,1,is it I think its a cigar,1,is,be,2,cop,NA,NA,present
716,1,is the jab giant jumparee scary,1,is,be,6,cop,NA,NA,present
2219,1,what is it,2,is,be,1,cop,NA,NA,present
369,1,what is that,2,is,be,0,root,NA,NA,present
696,1,where is it,2,is,be,1,cop,NA,NA,present
26,1,is she texting me,1,is,be,3,aux,NA,NA,present
1051,1,is there something down there,1,is,be,0,root,NA,NA,present
279,1,what else is there,3,is,be,0,root,NA,NA,present
359,1,what shape is that,3,is,be,0,root,NA,NA,present
538,1,is she,1,is,be,0,root,NA,NA,present
957,1,is pretty well nasty xxx,1,is,be,5,cop,NA,NA,present
544,1,my husbands birthday is February twentieth,4,is,be,6,cop,NA,NA,present
444,1,xxx is all you,2,is,be,4,cop,NA,NA,present
489,1,aw is some water getting in your eyes love,2,is,be,4,cop,NA,NA,present
237,1,the frosting is spread,3,is,be,4,aux:pass,NA,NA,present
655,1,this is Otto,2,is,be,3,cop,NA,NA,present
1358,1,is his diaper dirty or clean,1,is,be,3,cop,NA,NA,present
1,1,what is that your new desk,2,is,be,0,root,NA,NA,present
25,1,this is my favorite song she sings,2,is,be,5,cop,NA,NA,present
695,1,one of the sea lions is named Rona,6,is,be,7,aux:pass,NA,NA,present
451,1,is that a burp hiccup,1,is,be,0,root,NA,NA,present
179,1,the word wait is not in his vocabulary anymore,4,is,be,8,cop,NA,NA,present
178,1,Oscar is green,2,is,be,3,cop,NA,NA,present
510,1,she is looking around,2,is,be,3,aux,NA,NA,present
1242,1,hey Im family,3,m,be,4,cop,NA,NA,present
509,1,Im making xxx,2,m,be,3,aux,NA,NA,present
1618,1,Im a warrior Mama,2,m,be,5,cop,NA,NA,present
1295,2,Im singing xxx,2,m,be,3,aux,NA,NA,present
1621,1,Im a warrior,2,m,be,4,cop,NA,NA,present
1312,2,Im ready for bed now,2,m,be,3,cop,NA,NA,present
523,1,Im just thinking she grew up in an xxx house,2,m,be,4,aux,NA,NA,present
525,1,and Im probably more tired than you are today,3,m,be,6,cop,NA,NA,present
171,2,Im no expert but,2,m,be,4,cop,NA,NA,present
149,1,hey whats the problem,3,s,be,2,cop,NA,NA,present
482,1,well thats good,3,s,be,4,cop,NA,NA,present
1432,1,thats a five dollar bill,2,s,be,6,cop,NA,NA,present
418,1,like its definitely not cool enough yet to where you can you just have your doors open,3,s,be,6,cop,NA,NA,present
424,1,my its getting late,3,s,be,4,aux,NA,NA,present
78,1,thats a book,2,s,be,4,cop,NA,NA,present
306,1,oh its easy,3,s,be,4,cop,NA,NA,present
244,1,no its my turn now,3,s,be,5,cop,NA,NA,present
457,1,were doing it all by ourself,1,were,be,2,aux,NA,NA,present
274,1,were ready,1,were,be,2,cop,NA,NA,present
878,2,isnt it,1,is,be,3,cop,NA,SpaceAfter=No,uncategorized
1128,1,I bet they have xxx to go with it,2,bet,bet,0,root,NA,NA,displaced
484,1,bib off,1,bib,bib,0,root,NA,NA,uncategorized
81,1,he bitedc his self,2,bitedc,bitedc,0,root,NA,NA,displaced
257,1,he blows out the candle with a <pff> = makesblowingnoise of air,2,blows,blow,0,root,NA,NA,present
100,1,it bounced off her head and she went <eh> = imitates,2,bounced,bounce,0,root,NA,NA,displaced
96,1,<down the bough breaks the cradle will drop> =sings,5,breaks,break,0,root,NA,NA,displaced
372,1,but I bring up the dryer xxx,3,bring,bring,0,root,NA,NA,present
96,1,alright bring your water I mean your coat,2,bring,bring,0,root,NA,NA,uncategorized
1900,1,Jack I brought up your three tl clothes,3,brought,brotch,1,parataxis,NA,NA,displaced
503,1,theres also a really great carrier called an ergo el rl gl ol,7,called,call,0,root,NA,NA,present
1172,1,no he just calls it,4,calls,call,0,root,NA,NA,present
204,1,he calls,2,calls,call,0,root,NA,SpacesAfter=\n,present
1760,1,can I have some coffee,1,can,can,3,aux,NA,NA,displaced
368,1,can you draw a star,1,can,can,3,aux,NA,NA,displaced
444,1,can you remember discovering your favorite foods,1,can,can,3,aux,NA,NA,displaced
978,1,can I read it,1,can,can,3,aux,NA,NA,displaced
1074,1,can I have a kiss,1,can,can,3,aux,NA,NA,displaced
37,1,hes like I can see it Granny Ive seen it,4,can,can,5,aux,NA,NA,displaced
4,1,xxx you can go down,3,can,can,4,aux,NA,NA,displaced
73,1,so we can do it,3,can,can,4,aux,NA,NA,displaced
241,1,well at least you can go in late tomorrow,5,can,can,6,aux,NA,NA,displaced
333,1,Mommy can you fall down,2,can,can,4,aux,NA,NA,displaced
1236,1,can you tell me,1,can,can,3,aux,NA,NA,displaced
80,1,we can get some blocks out,2,can,can,3,aux,NA,NA,displaced
988,1,can you say it,1,can,can,3,aux,NA,NA,displaced
279,1,donny can help,2,can,can,3,aux,NA,NA,displaced
791,1,you can sell everything,2,can,can,3,aux,NA,NA,displaced
827,1,I can do two trees xxx,2,can,can,3,aux,NA,NA,displaced
404,1,can I keep them on the shelves as I fall asleep,1,can,can,3,aux,NA,NA,displaced
292,1,<well everyday you can> = sings,6,can,can,4,acl:relcl,NA,SpaceAfter=No,present
547,1,can you can you close the j g door honey,1,can,can,5,aux,NA,NA,present
744,1,ah can you give Nanny Netty a kiss,2,can,can,4,aux,NA,NA,present
1567,1,can you say bye bye,1,can,can,3,aux,NA,NA,present
404,1,can you kick the ball,1,can,can,3,aux,NA,NA,present
1623,1,girl can I borrow that,2,can,can,4,aux,NA,NA,present
400,1,you can choose one,2,can,can,3,aux,NA,NA,present
1018,1,as you can see,3,can,can,4,aux,NA,NA,present
199,1,I can hear though xxx,2,can,can,3,aux,NA,NA,present
345,1,so we can bounce bounce bounce,3,can,can,4,aux,NA,NA,present
259,1,the turtle can hide in its shell,3,can,can,4,aux,NA,NA,present
407,1,can Daddy have a kiss my love,1,can,can,3,aux,NA,NA,present
557,1,um can we,2,can,can,3,aux,NA,NA,present
464,1,can you see the moon,1,can,can,3,aux,NA,NA,present
586,1,we can try,2,can,can,3,aux,NA,NA,present
294,1,xxx can be xxx,2,can,can,4,aux,NA,NA,uncategorized
628,1,trash can,2,can,can,0,root,NA,SpacesAfter=\n,uncategorized
586,1,can you just please just lay still for a second,1,can,can,6,aux,NA,NA,
1087,1,if I cant xxx and that on the hanger,3,cant,cant,0,root,NA,NA,displaced
167,1,we cant because xxx,2,cant,cant,0,root,NA,NA,displaced
1173,1,we cant do Sunday mornings,2,cant,cant,0,root,NA,NA,displaced
1095,1,<they cant quite see it there> = whispers ready,3,cant,cant,0,root,NA,NA,present
818,1,you cant touch,2,cant,cant,0,root,NA,NA,present
1292,1,I cant sit xxx,2,cant,cant,0,root,NA,NA,present
172,1,of him catching the fish,3,catching,catch,2,acl,NA,NA,present
450,1,cause because the maximum speeds just xxx,1,cause,cause,0,root,NA,SpacesAfter=\s\s,uncategorized
101,1,lets change that bottom,2,change,change,0,root,NA,NA,displaced
52,1,<and RockyRaccoon checked into his room> = sings,4,checked,check,0,root,NA,NA,displaced
87,1,they claimed him as the father,2,claimed,claim,0,root,NA,NA,displaced
384,1,its time for you to close your eyes,6,close,close,2,acl,NA,NA,present
262,1,because its closest to here,3,closest,closest,0,root,NA,NA,present
1809,1,and then he comes back in and goes xxx,4,comes,come,0,root,NA,NA,displaced
335,1,you coming to xxx,2,coming,come,0,root,NA,NA,displaced
209,1,too soon to come in,4,come,come,2,advcl,NA,NA,displaced
976,2,come on time to go,1,come,come,0,root,NA,NA,displaced
1879,1,come on in,1,come,come,0,root,NA,NA,present
784,1,and come forward,2,come,come,0,root,NA,NA,uncategorized
70,1,come here,1,come,come,0,root,NA,NA,uncategorized
661,1,come on put your,1,come,come,0,root,NA,NA,uncategorized
854,2,come here,1,come,come,0,root,NA,NA,uncategorized
632,1,okay come on out to the car,2,come,come,0,root,NA,NA,uncategorized
4,1,come back,1,come,come,0,root,NA,NA,uncategorized
624,1,no come on,2,come,come,0,root,NA,NA,uncategorized
265,1,come on xxx,1,come,come,0,root,NA,NA,uncategorized
45,1,come on,1,come,come,0,root,NA,NA,uncategorized
193,1,come on,1,come,come,0,root,NA,NA,uncategorized
2024,1,come out,1,come,come,0,root,NA,NA,uncategorized
207,1,come on Max,1,come,come,0,root,NA,NA,uncategorized
285,1,come here,1,come,come,0,root,NA,NA,uncategorized
562,1,come in and get it,1,come,come,0,root,NA,NA,uncategorized
616,1,how come,2,come,come,0,root,NA,SpacesAfter=\n,uncategorized
70,1,compared to like a baby thats hearing impaired,1,compared,compare,5,case,NA,NA,uncategorized
199,1,xxx how we controlled it,4,controlled,control,0,root,NA,NA,displaced
443,1,we couldnt wait to feed you your first solid food baby,2,could,could,4,aux,NA,SpaceAfter=No,displaced
1192,1,we could shred some carrots in there too for extra veggies,2,could,could,3,aux,NA,NA,displaced
1176,1,we could put his paciec there because he knows what that is,2,could,could,3,aux,NA,NA,displaced
2305,1,and UncleRobert could take me camp,3,could,could,4,aux,NA,NA,displaced
1047,1,you could tell he mos he um,2,could,could,3,aux,NA,NA,displaced
1955,1,Jack could you be hey hey hey,2,could,could,4,aux,NA,NA,displaced
2110,1,#NAME?,2,cries,cry,0,root,NA,SpacesAfter=\n,uncategorized
1935,1,#NAME?,2,cries,cry,0,root,NA,SpacesAfter=\n,uncategorized
458,1,#NAME?,2,cries,cry,0,root,NA,SpacesAfter=\n,uncategorized
446,1,#NAME?,2,cries,cry,0,root,NA,SpacesAfter=\n,uncategorized
502,1,#NAME?,2,cries,cry,0,root,NA,SpacesAfter=\n,uncategorized
2111,1,#NAME?,2,cries,cry,0,root,NA,SpacesAfter=\n,uncategorized
469,1,#NAME?,2,cries,cry,0,root,NA,SpacesAfter=\n,uncategorized
467,1,#NAME?,2,cries,cry,0,root,NA,SpacesAfter=\n,uncategorized
2102,1,<uh huh> = cries,6,cries,cry,0,root,NA,SpacesAfter=\n,uncategorized
2103,1, =cries,2,cries,cry,0,root,NA,SpacesAfter=\n,uncategorized
409,2,#NAME?,2,crying,cry,0,root,NA,SpacesAfter=\n,uncategorized
2243,1,cut Janey,1,cut,cut,0,root,NA,NA,uncategorized
288,1,well maybe it depends,4,depends,depend,0,root,NA,SpacesAfter=\n,present
125,1,designing planning to do something some fixing or something,1,designing,design,0,root,NA,NA,displaced
1402,1,half dime its a half dime,2,dime,dime,0,root,NA,NA,present
1269,1,you didnt see her at school,2,did,do,4,aux,NA,SpaceAfter=No,displaced
95,1,did he love them,1,did,do,3,aux,NA,NA,displaced
520,1,I didnt bring her a surprise,2,did,do,4,aux,NA,SpaceAfter=No,displaced
522,1,maybe h her didnt have anything,4,did,do,6,aux,NA,SpaceAfter=No,displaced
252,1,yeah but Amelia didnt help xxx,4,did,do,6,aux,NA,SpaceAfter=No,displaced
24,1,he didnt really say much,2,did,do,5,aux,NA,SpaceAfter=No,displaced
603,1,did you lock us out,1,did,do,3,aux,NA,NA,displaced
994,1,I didnt really understand math until after I got out of school <cuz> because I started using it in the real world,2,did,do,5,aux,NA,SpaceAfter=No,displaced
552,1,um did they fill it anyway,2,did,do,4,aux,NA,NA,displaced
72,1,why did you toot at the table,2,did,do,4,aux,NA,NA,displaced
204,1,you did,2,did,do,0,root,NA,SpacesAfter=\n,displaced
261,1,I almost did get xxx up,3,did,do,4,aux,NA,NA,displaced
289,1,what did you see,2,did,do,4,aux,NA,NA,displaced
360,1,I didnt say anything,2,did,do,4,aux,NA,SpaceAfter=No,displaced
1532,2,didnt you,1,did,do,3,aux,NA,SpaceAfter=No,displaced
191,1,you did it,2,did,do,0,root,NA,NA,displaced
1690,1,what did the baby do,2,did,do,0,root,NA,NA,displaced
759,1,you did,2,did,do,0,root,NA,SpacesAfter=\n,displaced
591,1,all I did was grill them mm mm,3,did,do,5,aux,NA,NA,displaced
64,1,did you do good listening Cottie did you do good listening,1,did,do,3,aux,NA,NA,displaced
763,1,well what did you wear when you went outside,3,did,do,5,aux,NA,NA,displaced
519,1,did you see the fish,1,did,do,3,aux,NA,NA,displaced
87,1,I didnt realize xxx,2,did,do,4,aux,NA,SpaceAfter=No,displaced
12,1,did you give a warning shes being recorded,1,did,do,3,aux,NA,NA,displaced
940,1,did you say xxx,1,did,do,3,aux,NA,NA,displaced
1813,1,did you throw your milk,1,did,do,3,aux,NA,NA,displaced
363,1,why didnt you bring it,2,did,do,5,aux,NA,SpaceAfter=No,displaced
374,1,its done by Duke,2,done,do,0,root,NA,NA,displaced
543,1,dont,1,do,do,0,root,NA,SpaceAfter=No,displaced
55,1,dont do it,1,do,do,3,aux,NA,SpaceAfter=No,displaced
67,1,I dont know what channel it was though,2,do,do,4,aux,NA,SpaceAfter=No,displaced
2144,1,I dont want to watch,2,do,do,4,aux,NA,SpaceAfter=No,displaced
380,1,I dont know if he can like move it if him and his crew can move it or,2,do,do,4,aux,NA,SpaceAfter=No,displaced
16,1,you dont remember when this little do you,2,do,do,4,aux,NA,SpaceAfter=No,displaced
251,1,<do as Im doing> = sings,2,do,do,0,root,NA,NA,displaced
1108,1,why dont you take a bath so you have time to xxx before you gotta go to bed,2,do,do,5,aux,NA,SpaceAfter=No,displaced
36,1,its she doesnt mind it but if she can have mine shell take mine,3,does,do,5,aux,NA,SpaceAfter=No,displaced
612,1,I dont know what to do with Whitman though,2,do,do,4,aux,NA,SpaceAfter=No,displaced
112,1,do we ever see,1,do,do,4,aux,NA,NA,displaced
618,1,what do you think Whitman wants to play with down here,2,do,do,4,aux,NA,NA,displaced
49,1,do you want to xxx or Mommy xxx,1,do,do,3,aux,NA,NA,displaced
362,1,I dont want you to get sick,2,do,do,4,aux,NA,SpaceAfter=No,displaced
437,1,do you remember when you first sat up,1,do,do,3,aux,NA,NA,displaced
136,1,what do you wanna do again,2,do,do,4,aux,NA,NA,displaced
1529,1,why dont you build a snow den says MommyPenguin,2,do,do,5,aux,NA,SpaceAfter=No,displaced
1549,1,I dont want to xxx,2,do,do,4,aux,NA,SpaceAfter=No,displaced
398,1,why dont they xxx,2,do,do,4,aux,NA,SpaceAfter=No,displaced
1345,1,I dont have to unpack them,2,do,do,4,aux,NA,SpaceAfter=No,displaced
192,1,I dont think that I think Moms gonna work like a half day in the morning so any time in the afternoon will,2,do,do,4,aux,NA,SpaceAfter=No,displaced
769,1,alright well I dont have to leave for an hour,4,do,do,6,aux,NA,SpaceAfter=No,displaced
68,1,and why do you xxx yourself,3,do,do,5,aux,NA,NA,displaced
833,1,dont do it while Im there why you gotta do it like that,1,do,do,3,aux,NA,SpaceAfter=No,displaced
1863,1,I dont think it xxx a private xxx,2,do,do,4,aux,NA,SpaceAfter=No,displaced
625,1,do you wanna use xxx today,1,do,do,3,aux,NA,NA,displaced
1544,1,I dont think itll burn you any more,2,do,do,4,aux,NA,SpaceAfter=No,displaced
1077,1,but he doesnt have to be,3,does,do,5,aux,NA,SpaceAfter=No,displaced
196,1,then I dont,3,do,do,0,root,NA,SpaceAfter=No,present
322,1,I dont think so no <cuz>,2,do,do,4,aux,NA,SpaceAfter=No,present
227,1,I dont know where Cape,2,do,do,4,aux,NA,SpaceAfter=No,present
706,1,what do you think,2,do,do,4,aux,NA,NA,present
282,1,do you know what that is,1,do,do,3,aux,NA,NA,present
1176,1,Mama does Landen xxx,2,does,do,3,aux,NA,NA,present
1461,1,he doesnt like <anybody> = exclaims at all,2,does,do,4,aux,NA,SpaceAfter=No,present
714,1,okay Dad which color do you want,5,do,do,7,aux,NA,NA,present
535,1,do you want um,1,do,do,3,aux,NA,NA,present
412,1,how do I,2,do,do,0,root,NA,NA,present
37,1,<I dont know what to do I> = sings,3,do,do,5,aux,NA,SpaceAfter=No,present
865,1,I dont know what you want,2,do,do,4,aux,NA,SpaceAfter=No,present
598,1,and you dont like this to happen,3,do,do,5,aux,NA,SpaceAfter=No,present
2030,1,I dont like xxx,2,do,do,4,aux,NA,SpaceAfter=No,present
2142,1,dont say that,1,do,do,3,aux,NA,SpaceAfter=No,present
975,1,do you say thank you,1,do,do,3,aux,NA,NA,present
317,1,do you know xxx on the ground,1,do,do,3,aux,NA,NA,present
1113,1,and hell just do this for hours,4,do,do,0,root,NA,NA,present
1337,1,what do you want Polly,2,do,do,4,aux,NA,NA,present
19,1,<do as Im doing> = sings,2,do,do,0,root,NA,NA,present
113,1,they dont,2,do,do,3,aux,NA,SpaceAfter=No,present
2160,1,I dont like this,2,do,do,4,aux,NA,SpaceAfter=No,present
1186,1,dont want your beers xxx,1,do,do,3,aux,NA,SpaceAfter=No,present
587,1,dont try to hit me sissy,1,do,do,3,aux,NA,SpaceAfter=No,present
1243,1,Mommy does not buy enough fruit for you guys,2,does,do,4,aux,NA,NA,present
1910,1,so like it kind of like does that sound,7,does,do,9,aux,NA,NA,present
1448,1,oh youre done,3,done,do,0,root,NA,SpacesAfter=\n,present
273,1,how many siblings do you have on that side though,4,do,do,6,aux,NA,NA,present
502,1,do you want some freeze dried strawberries,1,do,do,3,aux,NA,NA,present
285,1,did you put the hat on your head,1,did,do,3,aux,NA,NA,present
724,1,did you go in your diaper,1,did,do,3,aux,NA,NA,present
249,1,hey dont get his face,2,do,do,4,aux,NA,SpaceAfter=No,present
212,1,I do not want to be splashed,2,do,do,4,aux,NA,NA,present
335,1,dont know how I feel about that Tess,1,do,do,3,aux,NA,SpaceAfter=No,present
99,1,dont bite Mama,1,do,do,3,aux,NA,SpaceAfter=No,present
1036,1,I dont think so,2,do,do,4,aux,NA,SpaceAfter=No,present
1414,1,you dont,2,do,do,0,root,NA,SpaceAfter=No,present
706,1,dont drink that milk,1,do,do,3,aux,NA,SpaceAfter=No,present
386,1,do you want some lunch,1,do,do,3,aux,NA,NA,present
275,1,<do as Im doing> = sings,2,do,do,0,root,NA,NA,present
28,1,you do reward yourself,2,do,do,3,aux,NA,NA,present
2027,1,yes I do,3,do,do,0,root,NA,SpacesAfter=\n,present
630,1,do you have anywhere idea what pl al cl yl is,1,do,do,3,aux,NA,NA,present
116,1,I do like her though shes uh shes an enigma,2,do,do,3,aux,NA,NA,present
734,1,maybe we dont wanna play it just because shes here =laughs,3,do,do,5,aux,NA,SpaceAfter=No,present
484,1,do you want something else to play with,1,do,do,3,aux,NA,NA,present
2282,1,it dont see me,2,do,do,4,aux,NA,SpaceAfter=No,present
973,1,I dont know where its gone to visit xxx,2,do,do,4,aux,NA,SpaceAfter=No,present
1261,1,do you smell it,1,do,do,3,aux,NA,NA,present
1208,1,how does it look,2,does,do,4,aux,NA,NA,present
685,1,that doesnt help Jane,2,does,do,4,aux,NA,SpaceAfter=No,present
231,1,xxx how you doing,4,doing,do,0,root,NA,SpacesAfter=\n,present
127,1,youre doing a good job,2,doing,do,0,root,NA,NA,present
1678,1,oh dont xxx me,2,do,do,4,aux,NA,SpaceAfter=No,uncategorized
510,1,well and they dont even o,4,do,do,7,aux,NA,SpaceAfter=No,uncategorized
176,1,does,1,does,do,0,root,NA,NA,uncategorized
416,1,do,1,do,do,0,root,NA,SpacesAfter=\n,uncategorized
79,1,<do do do do do> = sings,2,do,do,6,aux,NA,NA,uncategorized
1000,1,da da du du the drums,4,du,do,6,cop,NA,NA,uncategorized
484,1,oh to do the work,3,do,do,0,root,NA,NA,
1732,1,I drove xxx,2,drove,drive,0,root,NA,NA,displaced
422,1,I ate that xxx white,2,ate,eat,0,root,NA,NA,displaced
520,1,here eat my xxx,2,eat,eat,0,root,NA,NA,present
196,1,somehow I ended up on the death notice email list for local three ninety nine,3,ended,end,0,root,NA,NA,displaced
855,1,fell face forward and cut his lip on his his tooth cut his lip,1,fell,fall,0,root,NA,NA,displaced
539,1,she farted,2,farted,far,0,root,NA,SpacesAfter=\n,displaced
286,1,so I fed him about an hour ago,3,fed,feed,0,root,NA,NA,displaced
512,1,yeah I kind of feel like that too,5,feel,feel,0,root,NA,NA,present
1568,1,feel Littlepolarbears furry paws and fur,1,feel,feel,0,root,NA,NA,present
1946,1,I feel like xxx,2,feel,feel,0,root,NA,NA,present
1777,1,I feel like my face is really I wanna go wash my face and,2,feel,feel,0,root,NA,NA,present
1538,1,feel LittlePenguins soft wings,1,feel,feel,0,root,NA,NA,present
632,1,you feel the wind,2,feel,feel,0,root,NA,NA,present
478,1,yeah that feels nice,3,feels,feel,0,root,NA,NA,present
199,1,I found your hair,2,found,find,0,root,NA,NA,displaced
269,1,Sunny found out that she has wait or how many,2,found,find,0,root,NA,NA,displaced
213,1,mmhm find learning how to xxx yeah,2,find,find,0,root,NA,NA,displaced
1049,1,cant find a comb,2,find,find,0,root,NA,NA,present
97,1,flip out your diaper,1,flip,flip,0,root,NA,NA,present
670,1,<bluebirds fly> = sings,3,fly,fly,0,root,NA,SpaceAfter=No,present
273,1,flying baby,1,flying,fly,0,root,NA,NA,present
758,1,<ah follow me> = sings,3,follow,follow,0,root,NA,NA,present
1108,1,I forgot to do that before we started,2,forgot,forget,0,root,NA,NA,displaced
26,1,oh yeah I forgot about that,4,forgot,forget,0,root,NA,NA,displaced
801,1,#NAME?,2,gasps,gasp,0,root,NA,SpacesAfter=\n,uncategorized
92,1,#NAME?,2,gasps,gasp,0,root,NA,NA,uncategorized
1011,1,#NAME?,2,gasps,gasp,0,root,NA,NA,uncategorized
423,1,#NAME?,2,gasps,gasp,0,root,NA,NA,uncategorized
933,1,#NAME?,2,gasps,gasp,0,root,NA,NA,uncategorized
1102,1,after you get ready,3,get,get,0,root,NA,NA,displaced
359,1,and then as she gets older we can have somoene just like tucking it in her onesie,5,gets,get,6,aux,NA,NA,displaced
912,1,I <gotta> got to get mine to charge okay,5,got,get,0,root,NA,NA,displaced
1903,1,we got a couple more hot days well keep the summer stuff out but,2,got,get,0,root,NA,NA,displaced
1040,1,and then we gotta figure out what youre gonna wear today um at lunch,4,got,get,0,root,NA,SpaceAfter=No,displaced
492,1,so I got to hold her for a few minutes xxx and,3,got,get,0,root,NA,NA,displaced
190,1,you gotta put that back on,2,got,get,0,root,NA,SpaceAfter=No,displaced
482,1,if you get xxx use it dont you,3,get,get,5,advcl,NA,NA,displaced
318,1,we got a like a little mat,2,got,get,0,root,NA,NA,displaced
86,1,lets get your cup,2,get,get,0,root,NA,NA,displaced
171,1,alright lets get your hair xxx and well go real quick hang on,3,get,get,0,root,NA,NA,displaced
72,1,get Mommy,1,get,get,0,root,NA,NA,displaced
223,1,pepper oh lets get her a binkyc,4,get,get,0,root,NA,NA,displaced
1005,1,shes getting a big girl,2,getting,get,1,acl,NA,NA,displaced
2128,1,we got ten maybe sixteen gigabyte per month,2,got,get,0,root,NA,NA,present
498,1,I got one more thing I gotta do,2,got,get,0,root,NA,NA,present
462,1,I got his leg,2,got,get,0,root,NA,NA,present
1490,1,you got spaghetti face you know that,2,got,get,0,root,NA,NA,present
500,1,I got it,2,got,get,0,root,NA,NA,present
131,1,hes just got that kind of you know that look of li of being in bars and uh respectable but not really,3,got,get,0,root,NA,NA,present
1125,1,oh youve still got it,4,got,get,0,root,NA,NA,present
519,1,she got blue finger nails thats right,2,got,get,0,root,NA,NA,present
448,1,hes got little bumps,2,got,get,0,root,NA,NA,present
731,1,xxx getting xxx =laughs,2,getting,get,0,root,NA,NA,uncategorized
1158,1,where I gave him um I made these muffins today with broccoli and ham,3,gave,give,7,advcl,NA,NA,displaced
339,1,we give that some seeds,2,give,give,0,root,NA,NA,present
1251,1,xxx give me all xxx,2,give,give,0,root,NA,NA,uncategorized
401,1,its a family tradition when they go away to buy some gifts to remember their stay,7,go,go,4,advcl,NA,NA,displaced
203,1,he goes he goes do you think I can just tell Mom not to get me any Christmas presents and just get me a bottle of crown,2,goes,go,0,root,NA,NA,displaced
1839,1,so and then he goes,5,goes,go,1,conj,NA,SpacesAfter=\n,displaced
1615,1,its going to be right here waiting for you right after the nap well put the vest right back on,2,going,go,0,root,NA,NA,displaced
397,2,going to eat your sopa okay,1,going,go,6,advcl,NA,NA,displaced
174,1,we gonna put this coffee pot back,2,gon,go,0,root,NA,SpaceAfter=No,displaced
615,1,where we gonna put him,3,gon,go,0,root,NA,SpaceAfter=No,displaced
319,1,its gonna be a quiet week anyway,2,gon,go,0,root,NA,SpaceAfter=No,displaced
1567,1,or or or Jennas gonna be back when I w up,5,gon,go,0,root,NA,SpaceAfter=No,displaced
85,1,gonna try this sausage,1,gon,go,0,root,NA,SpaceAfter=No,displaced
1549,1,hes gonna stop your presents right there,2,gon,go,0,root,NA,SpaceAfter=No,displaced
653,1,if youre gonna be cranky why dont you just go to sleep,3,gon,go,12,advcl,NA,SpaceAfter=No,displaced
206,1,or what time Daddys gonna be home,5,gon,go,0,root,NA,SpaceAfter=No,displaced
22,1,it youre gonna have to paint at the table,3,gon,go,0,root,NA,SpaceAfter=No,displaced
482,1,Mommys gonna wash out her hair,2,gon,go,0,root,NA,SpaceAfter=No,displaced
1833,1,<went up the spout again> = sings,2,went,go,0,root,NA,NA,displaced
258,1,<the itsy bitsy spider went up the spout again> = sings,6,went,go,0,root,NA,NA,displaced
1272,1,who went late,2,went,go,0,root,NA,NA,displaced
179,1,you went swimming last June with her,2,went,go,0,root,NA,NA,displaced
1202,1,um when I go take him to bed you should go ahead and hop in the shower,4,go,go,5,advcl,NA,NA,displaced
607,1,rain rain go away come again another day,3,go,go,0,root,NA,NA,displaced
428,1,its gonna be hard now,2,gon,go,0,root,NA,SpaceAfter=No,displaced
1468,1,I go Wednesday,2,go,go,0,root,NA,NA,displaced
767,1,go home,1,go,go,0,root,NA,NA,displaced
1118,1,lets go check that diaper,2,go,go,0,root,NA,NA,displaced
406,1,go get your ball,1,go,go,0,root,NA,NA,displaced
1758,1,go see blue,1,go,go,0,root,NA,NA,displaced
532,1,alright well go walking,3,go,go,0,root,NA,NA,displaced
456,1,there you go xxx,3,go,go,0,root,NA,NA,present
22,1,here we go are you ready to see more animals,3,go,go,1,acl:relcl,NA,NA,present
147,1,there we go,3,go,go,0,root,NA,SpacesAfter=\n,present
176,1,go ahead,1,go,go,0,root,NA,NA,present
326,1,there we go,3,go,go,0,root,NA,SpacesAfter=\n,present
184,1,we go and find the tunnels,2,go,go,0,root,NA,NA,present
405,1,there we go,3,go,go,0,root,NA,SpacesAfter=\n,present
211,1,go up and down huh,1,go,go,0,root,NA,NA,present
633,1,here you go,3,go,go,0,root,NA,SpacesAfter=\n,present
28,1,go Brooks,1,go,go,2,compound,NA,NA,present
130,1,there we go thats what Im talking about,3,go,go,0,root,NA,NA,present
217,1,down you go Ben,3,go,go,0,root,NA,NA,present
1375,1,<where I go> = sings,4,go,go,0,root,NA,SpaceAfter=No,present
191,1,gonna put your arm through,1,gon,go,0,root,NA,SpaceAfter=No,present
303,1,there you go,3,go,go,0,root,NA,SpacesAfter=\n,present
448,1,go look at the cheetah you see him,1,go,go,0,root,NA,NA,present
137,1,there you go,3,go,go,0,root,NA,SpacesAfter=\n,present
609,1,<ere> there we go,6,go,go,0,root,NA,SpacesAfter=\n,present
2030,1,there we go,3,go,go,0,root,NA,SpacesAfter=\n,present
32,1,she goes outside for the most part,2,goes,go,0,root,NA,NA,present
240,1,Berts whistle goes,3,goes,go,0,root,NA,SpacesAfter=\n,present
739,1,where you going eh eh eh eh eh eh,3,going,go,0,root,NA,NA,present
2077,1,where you going,3,going,go,0,root,NA,SpacesAfter=\n,present
1133,1,whats going on here,2,going,go,1,acl,NA,NA,present
43,1,where you going,3,going,go,0,root,NA,SpacesAfter=\n,present
192,1,whats going on,2,going,go,0,root,NA,NA,present
39,1,lets go lets go lets go lets go okay,2,go,go,0,root,NA,NA,uncategorized
339,1,okay lets go,3,go,go,0,root,NA,SpacesAfter=\n,uncategorized
755,1,you go in there Danny honey,2,go,go,0,root,NA,NA,uncategorized
174,1,hey lets go,3,go,go,0,root,NA,SpacesAfter=\n,uncategorized
162,1,go to Mamas car,1,go,go,0,root,NA,NA,uncategorized
437,2,going,1,going,go,0,root,NA,SpacesAfter=\n,uncategorized
173,1,Ill grab him,2,grab,grab,0,root,NA,NA,displaced
415,1,alright grab your shoes,2,grab,grab,0,root,NA,NA,uncategorized
624,1,#NAME?,2,groans,groan,0,root,NA,NA,uncategorized
1330,1,seven flowers growing in the ground,3,growing,grow,2,acl,NA,NA,present
537,1,shes growing like a weed,2,growing,grow,1,acl,NA,NA,present
43,1,#NAME?,2,grunts,grunt,0,root,NA,NA,present
1873,1,hes a really small,1,hes,h,0,root,NA,NA,present
1860,1,hang on I will get back to you,1,hang,hang,0,root,NA,NA,uncategorized
1138,1,hang on,1,hang,hang,0,root,NA,NA,uncategorized
3,1,hang on,1,hang,hang,0,root,NA,NA,uncategorized
302,1,what happened,2,happened,happen,0,root,NA,SpacesAfter=\n,displaced
367,1,he had,2,had,have,0,root,NA,SpacesAfter=\n,displaced
494,1,because Brian had a bunch of stuff xxx,3,had,have,0,root,NA,NA,displaced
532,1,so you havent had a baby in a while,4,had,have,0,root,NA,NA,displaced
486,1,you and Nana have ridden the horses at the xxx didnt you,4,have,have,5,aux,NA,NA,displaced
278,1,have you talked to,1,have,have,3,aux,NA,NA,displaced
611,1,well have to listen,2,have,have,0,root,NA,NA,displaced
365,1,if theyre having juice Im having juice,3,having,have,0,root,NA,NA,displaced
401,1,<Ive never been in love like this before> = sings,3,ve,have,7,aux,NA,NA,displaced
419,1,we have to,2,have,have,0,root,NA,NA,displaced
567,1,we just had to sing one song and then we go,3,had,have,0,root,NA,NA,displaced
362,1,you ever had one of them,3,had,have,0,root,NA,NA,displaced
441,1,we had to,2,had,have,0,root,NA,NA,displaced
293,1,but last year had,4,had,have,0,root,NA,SpacesAfter=\n,displaced
580,1,but in the middle of my half day off I had three lab visits,11,had,have,0,root,NA,NA,displaced
852,1,so we just had like another one on Saturday where he he uh,4,had,have,0,root,NA,NA,displaced
426,1,hey no you cant have a birthday,5,have,have,0,root,NA,NA,displaced
1897,1,Ive only seen him like,2,ve,have,4,aux,NA,NA,displaced
7,1,because he has her putting a teaspoon every two ounces and they only eat forty to sixty milliliters right now,3,has,have,0,root,NA,NA,present
158,1,have what,1,have,have,0,root,NA,NA,present
137,1,<we have to sit in our seat to eat> = sings,3,have,have,0,root,NA,NA,present
380,1,your day has been so busy now its time for you to rest,3,has,have,6,aux,NA,NA,present
495,1,they have cloth diapers theyve got lots of natural um teething stuff,2,have,have,0,root,NA,NA,present
34,1,has no experience,1,has,have,0,root,NA,NA,present
687,1,he has cool spots,2,has,have,0,root,NA,NA,present
783,1,xxx they also have a lot of baby care,4,have,have,0,root,NA,NA,present
831,1,I have xxx now,2,have,have,0,root,NA,NA,present
1555,1,<ah> = imitates you have a loud trumpet sound right,7,have,have,5,parataxis,NA,NA,present
337,1,I have a lot of clothes but not as many as I once had,2,have,have,0,root,NA,NA,present
516,1,have them,1,have,have,0,root,NA,NA,present
515,1,we have house numbers on our house =laughs,2,have,have,0,root,NA,NA,present
219,1,oh I have some,3,have,have,0,root,NA,NA,present
360,1,we have like a little little probe sticker,2,have,have,0,root,NA,NA,present
644,1,you have to touch,2,have,have,0,root,NA,NA,present
2078,2,Mommy you have it,3,have,have,1,parataxis,NA,NA,present
1286,1,we also have movies down in the childrens area,3,have,have,0,root,NA,NA,present
882,1,seaturtles have flippers to help them swim,2,have,have,0,root,NA,NA,present
525,1,so we have the olive bread from Trader Joes,3,have,have,0,root,NA,NA,present
542,1,okay I havent put anything on,3,havent,havent,0,root,NA,NA,displaced
120,1,but maybe when hes sixteen,4,hes,he,5,cop,NA,NA,displaced
34,1,hes intrigued but not,1,hes,he,2,aux,NA,NA,present
193,1,hes just asleep,1,hes,he,0,root,NA,NA,present
368,1,and you heard what I said you must keep out of sight,3,heard,hear,0,root,NA,NA,displaced
809,1,cant hear when its raining,2,hear,hear,0,root,NA,NA,displaced
1450,1,yeah you hear Nana and <Gaga> grandpa,3,hear,hear,0,root,NA,NA,present
189,1,I hear a shaker,2,hear,hear,0,root,NA,NA,present
1976,1,<Gaga> grandpa hears the birds talking to Georgia,5,hears,hear,2,parataxis,NA,NA,present
1147,1,xxx to help you come in,3,help,help,1,xcomp,NA,NA,present
752,1,help,1,help,help,0,root,NA,SpacesAfter=\n,present
1321,1,yeah heres a bite,2,heres,here,0,root,NA,NA,present
1364,1,heres a bite of guacamole on the fork,1,heres,here,0,root,NA,NA,present
40,1,alright well Ill Ill hold him til xxx,5,hold,hold,0,root,NA,NA,displaced
456,1,hold on Miles,1,hold,hold,0,root,NA,NA,displaced
159,1,hold my hand,1,hold,hold,0,root,NA,NA,present
121,1,and then you hold on to one,4,hold,hold,0,root,NA,NA,present
95,1,I hold you,2,hold,hold,0,root,NA,NA,present
1568,1,hold on,1,hold,hold,0,root,NA,NA,uncategorized
1218,1,hows that,1,hows,how,0,root,NA,NA,present
335,1,hows that yeah,1,hows,how,0,root,NA,NA,present
2117,2,Ill never go to the library,1,Ill,Ill,3,aux,NA,NA,displaced
570,2,Ill stay tomorrow,1,Ill,Ill,2,aux,NA,NA,displaced
651,1,alright I Ill set an alarm for down here and then we gotta go back upstairs okay Henry,3,Ill,Ill,4,aux,NA,NA,displaced
490,1,Ill check on the chair,1,Ill,Ill,2,aux,NA,NA,displaced
237,1,well Ill tell you exactly what it ends up being but I think its supposed to be like a dollar twenty or xxx,2,Ill,Ill,3,aux,NA,NA,displaced
68,1,Ill be youre lucky yeah,1,Ill,Ill,3,aux,NA,NA,present
278,1,Parenteau and illustrated by DavidWalker,3,illustrated,illustrate,1,conj,NA,NA,displaced
490,1,<wa> = imitatescrying,5,imitatescrying,imitatescry,0,root,NA,SpacesAfter=\n,uncategorized
2173,1,<wa> = imitatescrying,5,imitatescrying,imitatescry,0,root,NA,SpacesAfter=\n,uncategorized
2171,1,<ra> = imitatescrying,5,imitatescrying,imitatescry,2,list,NA,SpacesAfter=\n,uncategorized
1977,1,<Janeys eyes out> = sings,2,Janeys,Janeys,0,root,NA,NA,uncategorized
1044,1,goat jumped over the fence of course,2,jumped,jump,0,root,NA,NA,displaced
703,1,so yeah keep your eye out for the wild,3,keep,keep,0,root,NA,NA,displaced
262,1,you know sometimes shell even call me Mom,2,know,know,0,root,NA,NA,displaced
311,1,what howd you know that,4,know,know,0,root,NA,NA,displaced
33,1,yeah you know whats funny is this time around I xxx he was always one of the more intriguing characters and this time around watching its like you realize that hes not a good actor,3,know,know,0,root,NA,NA,displaced
254,1,I know,2,know,know,0,root,NA,SpacesAfter=\n,present
1062,1,like he knows its coming so,3,knows,know,0,root,NA,NA,present
574,1,I know <howda>,2,know,know,4,parataxis,NA,NA,present
1083,1,you know with the the,2,know,know,0,root,NA,NA,present
162,1,I know,2,know,know,0,root,NA,SpacesAfter=\n,present
369,1,you know I can put <em>,2,know,know,0,root,NA,NA,present
966,1,yeah I know,3,know,know,0,root,NA,SpacesAfter=\n,present
1828,1,so I know he can crawl xxx pick up triangles xxx,3,know,know,0,root,NA,NA,present
543,1,well I know that,3,know,know,0,root,NA,NA,present
544,1,I know,2,know,know,0,root,NA,SpacesAfter=\n,present
46,2,you know the diapers actually smell like soap now I can smell them,2,know,know,0,root,NA,NA,present
387,1,I know Bubba I know,2,know,know,0,root,NA,NA,present
592,1,I know,2,know,know,0,root,NA,SpacesAfter=\n,present
787,1,I know xxx,2,know,know,0,root,NA,NA,present
570,1,you know,2,know,know,0,root,NA,SpacesAfter=\n,present
584,1,you know what,2,know,know,0,root,NA,NA,present
668,1,I know Bubba I know come on,2,know,know,0,root,NA,NA,present
182,1,I know,2,know,know,0,root,NA,SpacesAfter=\n,present
144,1,I know,2,know,know,0,root,NA,SpacesAfter=\n,present
477,1,I know,2,know,know,0,root,NA,SpacesAfter=\n,present
672,1,you know,2,know,know,0,root,NA,SpacesAfter=\n,uncategorized
120,1,yeah I usually l I mean I usually look,4,l,l,6,aux,NA,NA,present
534,1,and then we let everything in the past go,4,let,let,0,root,NA,NA,displaced
65,1,yeah lets go sit back down,2,let,let,0,root,NA,SpaceAfter=No,present
813,1,oh lets go say hi,2,let,let,0,root,NA,SpaceAfter=No,present
21,1,let me get this out of your way,1,let,let,0,root,NA,NA,present
647,1,let go of my shirt,1,let,let,0,root,NA,NA,present
933,1,let go,1,let,let,0,root,NA,NA,present
1116,1,my little bunny lets wriggle and jiggle,4,lets,let,0,root,NA,NA,present
659,1,let Mommy go,1,let,let,0,root,NA,NA,present
1158,1,and I like tried helping him through the motions of it like thinking maybe it was just new and,3,like,like,19,conj,NA,NA,displaced
485,1,<so I like> = laughs I drive around and wait <til> until nobodys outside and <just go take <em>,4,like,like,0,root,NA,SpaceAfter=No,displaced
226,1,oh he just she just likes the,6,likes,like,0,root,NA,NA,present
938,1,I like yellow,2,like,like,0,root,NA,NA,present
387,1,I like that cookie,2,like,like,0,root,NA,NA,present
533,1,I like you,2,like,like,0,root,NA,NA,present
357,1,but she likes to have that across her belly these xxx likes to lay,3,likes,like,0,root,NA,NA,present
652,1,I locked that door babe,2,locked,lock,0,root,NA,NA,displaced
254,1,look when I say go you say lalalac ready steady go,1,look,look,0,root,NA,NA,displaced
639,1,to look at him hes really full xxx,2,look,look,0,root,NA,NA,present
91,1,look at this thing,1,look,look,0,root,NA,NA,present
183,1,woo look at you,2,look,look,0,root,NA,NA,present
612,1,look look look xxx,1,look,look,0,root,NA,NA,present
101,1,look,1,look,look,0,root,NA,SpacesAfter=\n,present
315,1,look,1,look,look,0,root,NA,SpacesAfter=\n,present
25,1,look,1,look,look,0,root,NA,SpacesAfter=\n,present
430,1,look at monkey,1,look,look,0,root,NA,NA,present
547,1,look at this little monkey,1,look,look,0,root,NA,NA,present
71,1,and you look very sleepy,3,look,look,0,root,NA,NA,present
42,1,hes looking at you guys,2,looking,look,1,acl,NA,NA,present
134,1,looks a bit like a man whos like,1,looks,look,0,root,NA,NA,present
869,1,so he looks like his dad,3,looks,look,0,root,NA,NA,present
66,1,he looks like a cheetah,2,looks,look,0,root,NA,NA,present
264,1,it looks great thank you,2,looks,look,0,root,NA,NA,present
659,1,yeah I lost my phone,3,lost,lose,0,root,NA,NA,displaced
330,1,I love it,2,love,love,0,root,NA,NA,present
408,2,I love you sweetheart,2,love,love,0,root,NA,NA,present
414,1,I love you sweetie,2,love,love,0,root,NA,NA,present
185,1,I love you,2,love,love,0,root,NA,NA,present
610,1,I love how she does more though,2,love,love,0,root,NA,NA,present
1302,1,he loves that thing too,2,loves,love,0,root,NA,NA,present
998,1,<Mama loves her babies> = sings,3,loves,love,7,parataxis,NA,NA,present
1100,1,she loves that,2,loves,love,0,root,NA,NA,present
179,1,Grover loves blue,2,loves,love,0,root,NA,NA,present
1263,1,low thats low,1,low,low,0,root,NA,NA,present
245,1,make music that we all adore,1,make,make,0,root,NA,NA,present
66,1,that makes me super self conscious actually but,2,makes,make,0,root,NA,NA,present
528,1,<nuh nuh> = makesnsound Nana,6,makesnsound,makesnsound,7,amod,NA,NA,uncategorized
536,1,<lovers they may cause you tears xxx my oh my> = sings,4,may,may,5,aux,NA,NA,displaced
372,1,I mean Granny was here Christmas morning last year too,2,mean,mean,0,root,NA,NA,displaced
167,1,I mean it,2,mean,mean,0,root,NA,NA,displaced
189,1,I mean uh well just make it work,2,mean,mean,0,root,NA,NA,displaced
674,1,I mean really,2,mean,mean,0,root,NA,NA,present
1752,1,I mean I would like this one but what one would you like,2,mean,mean,0,root,NA,NA,present
594,1,I mean shes,2,mean,mean,0,root,NA,NA,present
169,1,I mean it,2,mean,mean,0,root,NA,NA,uncategorized
343,1,MEDICAL something else,1,MEDICAL,Medical,0,root,NA,NA,uncategorized
760,1,xxx mess it up,2,mess,mess,0,root,NA,NA,present
339,1,she might not understand you shes a little bit younger than you are,2,might,might,4,aux,NA,NA,displaced
300,1,that might work that youre xxx very quickly,2,might,might,3,aux,NA,NA,displaced
1984,1,oh so I miss this,4,miss,miss,0,root,NA,NA,present
623,1,yall moved to Germantown right,2,moved,move,0,root,NA,NA,displaced
37,1,move,1,move,move,0,root,NA,SpacesAfter=\n,displaced
1826,1,<move it> = laughs,2,move,move,0,root,NA,NA,displaced
409,1,<must be> = sings,2,must,must,6,aux,NA,NA,displaced
589,1,xxx kids to nap,4,nap,nap,2,acl,NA,SpacesAfter=\n,displaced
733,1,we need to be leaving,2,need,need,0,root,NA,NA,displaced
415,1,you need to stop taking these out,2,need,need,0,root,NA,NA,present
1681,1,I need the xxx Mommy,2,need,need,0,root,NA,NA,present
1045,1,you need a tissue,2,need,need,0,root,NA,NA,present
1483,2,you all need glasses,3,need,need,0,root,NA,NA,present
191,1,I need to,2,need,need,0,root,NA,NA,present
2197,1,need,1,need,need,0,root,NA,SpacesAfter=\n,uncategorized
745,1,opened,1,opened,open,0,root,NA,SpacesAfter=\n,displaced
120,1,open the door to somebody when the mom was gone,1,open,open,0,root,NA,NA,displaced
506,1,<open the door> = whines,2,open,open,0,root,NA,NA,present
539,1,youre painting me,2,painting,paint,1,acl,NA,NA,present
290,1,studies particles the smallest,2,particles,particle,4,cop,NA,NA,present
921,1,that way youre not paying for the weight of the stalk that you,5,paying,pay,3,advcl,NA,NA,displaced
25,1,peek a bean,1,peek,peek,0,root,NA,NA,present
105,1,<pew pew pew pew pew> = mimicsgun,2,pew,pew,6,compound,NA,NA,uncategorized
1388,1,you picked them all up already,2,picked,pick,0,root,NA,NA,displaced
129,1,<and I pick it back up> = sings,4,pick,pick,0,root,NA,NA,present
628,1,you picking it xxx,2,picking,pick,0,root,NA,NA,present
1222,1,bakerAker places the banana bread in a box and adds a purple ribbon,2,places,place,0,root,NA,NA,present
315,1,and they played in the xxx,3,played,play,0,root,NA,NA,displaced
262,1,they play some games they laugh and sing,2,play,play,0,root,NA,NA,present
198,1,xxx not playing in my dessert,3,playing,play,0,root,NA,NA,present
891,1,xxx shes playing,3,playing,play,0,root,NA,SpacesAfter=\n,present
964,1,play with the beans,1,play,play,0,root,NA,NA,uncategorized
552,1,plop =laughs,1,plop,plop,0,root,NA,NA,uncategorized
710,1,oh yeah theres poop in this diaper,4,poop,poop,0,root,NA,NA,present
404,1,<and I pray God to keep you from> = sings,4,pray,pray,0,root,NA,NA,displaced
344,1,I promise this is the last time,2,promise,promise,0,root,NA,NA,present
238,1,he pulled xxx the pork,2,pulled,pull,0,root,NA,NA,displaced
323,1,then you pull down in the front,3,pull,pull,0,root,NA,NA,present
1317,1,who put that kitty out,2,put,put,0,root,NA,NA,displaced
1543,1,I put the present uh put them,2,put,put,0,root,NA,NA,displaced
819,1,you put JohnnyJohnny,2,put,put,0,root,NA,NA,displaced
1436,1,like so I put a al in it,4,put,put,0,root,NA,NA,displaced
535,1,xxx put it right here,2,put,put,0,root,NA,NA,present
1495,1,so put your listen now were down to the last book okay,2,put,put,0,root,NA,NA,present
724,1,put it xxx,1,put,put,0,root,NA,NA,present
248,1,yep you put things on your head,3,put,put,0,root,NA,NA,present
1176,1,lets put your glasses on,2,put,put,0,root,NA,NA,present
55,1,quit running,1,quit,quit,0,root,NA,NA,present
1106,1,the farm raises farm animals there,3,raises,raisis,0,root,NA,NA,present
2074,1,<me reading this book> = whines,3,reading,read,0,root,NA,NA,present
695,2,referring to Zachary,1,referring,refer,0,root,NA,NA,present
1390,1,shes just relaxing,3,relaxing,relax,0,root,NA,SpacesAfter=\n,present
917,1,rub a dub a dub in a tub,1,rub,rub,0,root,NA,NA,present
663,1,<how they run> = sings,4,run,run,0,root,NA,SpaceAfter=No,present
1852,1,xxx runs over me,2,runs,run,0,root,NA,NA,present
70,1,she just runs around and kind of oh there goes the ball,3,runs,run,0,root,NA,NA,present
945,2,Ty said hell take it,2,said,say,0,root,NA,NA,displaced
951,1,Cow said moo,2,said,say,0,root,NA,NA,displaced
431,1,the first one said,4,said,say,0,root,NA,SpacesAfter=\n,displaced
227,1,he said nothing can go faster than the speed of light,2,said,say,0,root,NA,NA,displaced
425,1,the second one said the xxx in the air,4,said,say,0,root,NA,NA,displaced
960,1,cluck said a chicken and a chick said peep,2,said,say,0,root,NA,NA,displaced
1414,1,all good they said,4,said,say,0,root,NA,SpacesAfter=\n,displaced
2072,1,she said xxx information,2,said,say,0,root,NA,NA,displaced
1021,1,you say it,2,say,say,0,root,NA,NA,present
752,1,so they say,3,say,say,0,root,NA,SpacesAfter=\n,present
453,1,just say you know,2,say,say,0,root,NA,NA,present
423,1,the first one says,4,says,say,0,root,NA,SpacesAfter=\n,present
47,1,xxx says,2,says,say,0,root,NA,SpacesAfter=\n,present
13,1,xxx say it does =giggles,2,say,say,0,root,NA,NA,uncategorized
107,1,soon after dark upon the beach we sing our favorite oh sweetie,8,sing,se,0,root,NA,NA,displaced
725,1,not sing mister maker,2,sing,se,0,root,NA,NA,present
1179,1,we seen it walking around,2,seen,see,0,root,NA,NA,displaced
1011,1,lets see were gonna jump,2,see,see,0,root,NA,NA,displaced
406,1,xxx lets see lets see how about we do xxx,3,see,see,0,root,NA,NA,displaced
46,1,<see my dreams and then my feet could ever wander> = sings,2,see,see,0,root,NA,NA,present
1018,1,see like we keep ours,1,see,see,0,root,NA,NA,present
1979,1,whoa I see,3,see,see,0,root,NA,SpacesAfter=\n,present
952,1,you seem upset,2,seem,seem,0,root,NA,NA,present
631,1,set set set set go,1,set,set,0,root,NA,NA,uncategorized
383,1,settle down,1,settle,settle,0,root,NA,NA,uncategorized
315,1,but shes all prorportioned to like her head her height her weight you know shes all growing proportionally which is good,2,shes,sh,4,aux:pass,NA,NA,present
435,1,shake your bum,1,shake,shake,0,root,NA,NA,uncategorized
1285,1,shall we count,1,shall,shall,3,aux,NA,NA,displaced
732,1,and ye shall find,3,shall,shall,4,aux,NA,NA,displaced
35,1,when shes in tummy time,2,shes,she,5,cop,NA,NA,displaced
337,1,xxx shes connected xxx,2,shes,she,4,cop,NA,NA,displaced
464,1,xxx me the shoes last night,4,shoes,shoe,0,root,NA,NA,displaced
4,1,you shop for bread,2,shop,shop,0,root,NA,NA,present
497,1,yeah it should have been delivered,3,should,should,6,aux,NA,NA,displaced
819,1,should we go say hi,1,should,should,3,aux,NA,NA,displaced
872,1,should I give him his late meal early xxx,1,should,should,3,aux,NA,NA,displaced
359,1,shouldnt it have gone off twenty minutes or so ago,1,should,should,5,aux,NA,SpaceAfter=No,displaced
1423,1,you should always hurry by,2,should,should,4,aux,NA,NA,displaced
444,1,I even signed this yesterday,3,signed,sign,0,root,NA,NA,displaced
512,1,yeah but like that fire sign up,6,sign,sign,1,conj,NA,NA,uncategorized
481,1,sit down,1,sit,sit,0,root,NA,NA,uncategorized
934,1,Toms skiing,2,skiing,ski,1,acl,NA,SpacesAfter=\n,present
597,1,he slept better last night,2,slept,sleep,0,root,NA,NA,displaced
1180,1,this smells nice,2,smells,smell,0,root,NA,NA,present
226,1,big bears smells sugar and spice,3,smells,smell,0,root,NA,NA,present
244,1,the strings all soar the reeds in four the brasses roar with notes galore,4,soar,soar,0,root,NA,NA,present
80,1,soften the elbow,1,soften,soften,0,root,NA,NA,present
188,1,or sounding terrible,2,sounding,sound,0,root,NA,NA,present
632,1,spit up,1,spit,spit,0,root,NA,NA,uncategorized
475,1,start,1,start,start,0,root,NA,SpacesAfter=\n,uncategorized
326,1,our one music toy always stays on our lap,6,stays,stay,0,root,NA,NA,present
2033,1,step on a rug,1,step,step,0,root,NA,NA,uncategorized
1794,1,stop screaming,1,stop,stop,0,root,NA,NA,present
784,1,stop,1,stop,stop,0,root,NA,SpacesAfter=\n,uncategorized
747,1,stop stop stop stop stop stop stop,1,stop,stop,4,parataxis,NA,NA,uncategorized
696,1,oh stop,2,stop,stop,0,root,NA,SpacesAfter=\n,uncategorized
682,1,stop,1,stop,stop,0,root,NA,SpacesAfter=\n,uncategorized
748,1,stop,1,stop,stop,0,root,NA,SpacesAfter=\n,uncategorized
190,1,stop,1,stop,stop,0,root,NA,SpacesAfter=\n,uncategorized
607,1,stop,1,stop,stop,0,root,NA,SpacesAfter=\n,uncategorized
199,1,I I took like a,3,took,take,0,root,NA,NA,displaced
1669,1,he took my ball,2,took,take,0,root,NA,NA,displaced
359,1,Mommy took away your fun its not cool,2,took,take,0,root,NA,NA,displaced
987,1,he took like a three hour nap today,2,took,take,0,root,NA,NA,displaced
64,1,<take me deeper than my feet would ever wander> = sings,2,take,take,0,root,NA,NA,present
41,1,taking xxx Batman and Robin pull it right out from under Jokers feet,1,taking,take,0,root,NA,NA,present
1051,1,you taking the van,2,taking,take,0,root,NA,NA,present
1503,1,okay take my xxx off,2,take,take,0,root,NA,NA,uncategorized
564,1,no it tastes like poop,3,tastes,taste,0,root,NA,NA,present
318,1,torn and then like all the little things like,1,torn,tear,0,root,NA,NA,displaced
9,2,kind of harder to tell because,5,tell,tell,3,advcl,NA,NA,present
964,1,tell Daddy,1,tell,tell,0,root,NA,NA,uncategorized
1390,1,tell Grams Grams Nana and Papaw thank you,1,tell,tell,0,root,NA,NA,uncategorized
86,1,thank you for telling me,1,thank,thank,0,root,NA,NA,present
588,1,thank you,1,thank,thank,0,root,NA,NA,uncategorized
175,1,oh much better thank you,4,thank,thank,0,root,NA,NA,uncategorized
194,1,thank you no no no,1,thank,thank,0,root,NA,NA,uncategorized
962,1,thank you,1,thank,thank,0,root,NA,NA,uncategorized
33,1,thank you,1,thank,thank,0,root,NA,NA,uncategorized
1340,1,thats everything,1,thats,that,0,root,NA,NA,present
271,1,<thats what youre gonna tell> = laughs,2,thats,that,0,root,NA,NA,present
29,1,so like there theres a reason why they killed her off,4,theres,there,9,advcl,NA,NA,displaced
150,1,theres nothing to be afraid of,1,theres,there,0,root,NA,NA,present
400,1,oh wow theres a lot to look at here,3,theres,there,0,root,NA,NA,present
206,2,because theres the baby that comes out of the eggs,2,theres,there,4,cop,NA,NA,present
1314,1,kitty theres a bad <ol>,2,theres,there,4,cop,NA,NA,present
731,1,theres a giant jumparee in my burrow,1,theres,there,4,cop,NA,NA,present
1666,1,and theres Mama,2,theres,there,3,cop,NA,NA,present
279,1,theres slices of cake that are this big,1,theres,there,2,cop,NA,NA,present
77,1,theres no baby in there,1,theres,there,3,cop,NA,NA,present
1468,1,theres the tiger,1,theres,there,3,cop,NA,NA,present
597,1,yeah theres some chippiesc in there,2,theres,there,4,cop,NA,NA,present
79,1,theres my eyes,1,theres,there,3,cop,NA,NA,present
209,1,xxx theyre waiting for a xxx announcement,2,theyre,theyre,3,aux,NA,NA,present
196,1,theyre at the farm,1,theyre,theyre,4,cop,NA,NA,present
55,1,theyve got experience theyre going to want to know why and really the test xxx,1,theyve,theyve,2,aux,NA,NA,displaced
1038,1,I thought you said you were tired,2,thought,think,0,root,NA,NA,displaced
141,1,I think theyd be too big on her,2,think,think,0,root,NA,NA,displaced
688,1,think hell come back,1,think,think,0,root,NA,NA,displaced
1080,1,I think Im gonna um,2,think,think,0,root,NA,NA,displaced
407,1,bananas I think an hour and a half,3,think,think,1,parataxis,NA,NA,present
49,1,I think Im gonna take her sweater off,2,think,think,0,root,NA,NA,present
153,1,thinking,1,thinking,think,0,root,NA,SpacesAfter=\n,present
699,2,because I think her heads in a fog because,3,think,think,9,advcl,NA,NA,present
206,1,so I think technically you have to sign for Nora <as well> = laughs,3,think,think,0,root,NA,NA,present
139,1,I think he wants his coat on now,2,think,think,0,root,NA,NA,present
20,1,yeah you think you think the other one huh,3,think,think,0,root,NA,NA,uncategorized
1197,1,no I think no,3,think,think,0,root,NA,NA,uncategorized
1256,1,<the chimney tops thats where> = sings,4,tops,top,0,root,NA,NA,uncategorized
241,1,yeah trust me in a little bit,2,trust,trust,0,root,NA,NA,displaced
739,1,xxx try the road like,2,try,try,0,root,NA,NA,uncategorized
1571,1,turn the page,1,turn,turn,0,root,NA,NA,present
144,1,<twing twing> = imitatesguitar,2,twing,tw,0,root,NA,NA,uncategorized
152,1,I twirled,2,twirled,twirl,0,root,NA,SpacesAfter=\n,displaced
276,1,um they usually have them closed more,1,um,um,0,root,NA,NA,displaced
129,1,um so thats how you xxx,1,um,um,0,root,NA,NA,present
1853,1,but they used,3,used,use,0,root,NA,SpacesAfter=\n,displaced
192,1,you only use xxx,3,use,use,0,root,NA,NA,present
241,1,wait I xxx,1,wait,wait,0,root,NA,NA,uncategorized
860,1,wait,1,wait,wait,0,root,NA,SpacesAfter=\n,uncategorized
301,1,wait,1,wait,wait,0,root,NA,SpacesAfter=\n,uncategorized
1110,1,xxx wait,2,wait,wait,0,root,NA,SpacesAfter=\n,uncategorized
99,1,walked into an Italian,1,walked,walk,0,root,NA,NA,displaced
1188,1,we wanna see how much is in there,2,wan,want,0,root,NA,SpaceAfter=No,displaced
456,1,I just wanna know maybe going forward,3,wan,want,0,root,NA,SpaceAfter=No,displaced
369,1,I wanna xxx too,2,wan,want,0,root,NA,SpaceAfter=No,displaced
807,1,you wanna go,2,wan,want,0,root,NA,SpaceAfter=No,displaced
2288,1,I wanna go in,2,wan,want,0,root,NA,SpaceAfter=No,displaced
1729,1,I wanna see AlvinandtheChipmunks,2,wan,want,0,root,NA,SpaceAfter=No,displaced
319,1,wanna go xxx something kind,1,wan,want,0,root,NA,SpaceAfter=No,displaced
400,1,you wanna talk about constitution day,2,wan,want,0,root,NA,SpaceAfter=No,displaced
1180,1,I wanna I want to xxx,4,want,want,0,root,NA,NA,displaced
1732,1,Dad I want to see AlvinandtheChipmunks,3,want,want,1,acl:relcl,NA,NA,displaced
789,1,you want to have an after dinner treat,2,want,want,0,root,NA,NA,displaced
1708,1,<I want to go> = cries,3,want,want,0,root,NA,NA,displaced
462,1,I want to start making the kids on I want to go on Sunday morning,2,want,want,0,root,NA,NA,displaced
373,1,I want xxx go out,2,want,want,0,root,NA,NA,displaced
697,1,xxx baby wants to xxx,3,wants,want,0,root,NA,NA,displaced
215,1,wants to go camping,1,wants,want,0,root,NA,NA,displaced
1402,1,it wants to put you in a pot and eat you probably,2,wants,want,0,root,NA,NA,displaced
479,1,those kind of people you want working on your house,6,want,want,2,acl:relcl,NA,NA,displaced
774,1,you want the happy you want the six piece meal,2,want,want,0,root,NA,NA,displaced
514,1,just want hugs,2,want,want,0,root,NA,NA,present
16,1,well they wanting your Ticketmaster or your blueprint,3,wanting,want,0,root,NA,NA,present
218,1,because he wants a camp fire,3,wants,want,0,root,NA,NA,present
97,1,yeah you want a little xxx,3,want,want,0,root,NA,NA,present
392,1,you want all your rubber duckies,2,want,want,0,root,NA,NA,present
45,1,I want that,2,want,want,0,root,NA,NA,present
1880,1,Mom I want more,3,want,want,1,acl:relcl,NA,NA,present
31,1,sure you want more,3,want,want,1,ccomp,NA,NA,present
901,1,want toys,1,want,want,0,root,NA,NA,present
125,1,you want your ball,2,want,want,0,root,NA,NA,present
438,1,I want Felix,2,want,want,0,root,NA,NA,present
925,1,wanna feel the plants,1,wan,want,0,root,NA,SpaceAfter=No,present
534,1,I want,2,want,want,0,root,NA,SpacesAfter=\n,uncategorized
102,1,we nibble grapes we watch the waves we take a little rest,5,watch,watch,3,parataxis,NA,NA,present
1345,1,its time to wave byebye for their <adventures> adventure is at an end,4,wave,wave,2,acl,NA,NA,present
1044,1,because as weve discovered,3,weve,weve,4,aux:pass,NA,NA,displaced
1870,1,weve been trying it for years and then,1,weve,weve,3,aux,NA,NA,displaced
72,1,thats what the recital is gonna be the dancing,2,what,what,0,root,NA,NA,displaced
375,1,whats that,1,whats,what,0,root,NA,NA,present
82,2,whatchamacallit too though doesnt it,1,whatchamacallit,whatchamacallit,0,root,NA,NA,uncategorized
2249,1,whered you put it,1,whered,where,0,root,NA,NA,displaced
314,1,whered you put the yellow marker,1,whered,where,0,root,NA,NA,displaced
199,1,whered she go,1,whered,where,0,root,NA,NA,displaced
1178,1,wheres Janeys piggy bank,1,wheres,where,4,cop,NA,NA,displaced
1469,1,Courtney honey wheres your shoes,3,wheres,where,0,root,NA,NA,displaced
305,1,whos this old guy,1,whos,who,0,root,NA,NA,present
836,1,whyd you,1,whyd,why,0,root,NA,NA,displaced
307,1,Mommy will close this for you there you go,2,will,will,3,aux,NA,NA,displaced
710,1,I will,2,will,will,0,root,NA,SpacesAfter=\n,displaced
404,1,not one friend will be missed,4,will,will,6,aux,NA,NA,displaced
1215,1,then I will get them with this towel,3,will,will,4,aux,NA,NA,displaced
49,1,<and my faith will be much stronger> = sings,5,will,will,8,aux,NA,NA,displaced
494,1,well hopefully it wont be too bad,4,wo,will,8,aux,NA,SpaceAfter=No,displaced
489,1,ll ul,1,ll,will,2,cop,NA,NA,uncategorized
2266,1,we won you Janey lose,2,won,win,0,root,NA,NA,displaced
72,1,yeah its in the building where Jeff works,8,works,work,5,acl:relcl,NA,SpacesAfter=\n,displaced
361,1,so like a cool like um corkboard or like whiteboard for his door would be cool,14,would,would,16,aux,NA,NA,displaced
73,1,I would love that,2,would,would,3,aux,NA,NA,displaced
100,1,would that fit there,1,would,would,3,aux,NA,NA,displaced
310,1,no I would just rather call it terrible Sue,3,would,would,6,aux,NA,NA,displaced
2117,1,that would be best if xxx,2,would,would,4,aux,NA,NA,displaced
863,1,I wouldnt put your mouth on it,2,would,would,4,aux,NA,SpaceAfter=No,displaced
172,1,why would Jasper be the captain of the car,2,would,would,6,aux,NA,NA,displaced
209,1,a good guess would be five thirty,4,would,would,6,aux,NA,NA,displaced
1813,1,he would want to get,2,would,would,3,aux,NA,NA,displaced
321,1,yeah I would like to have a tree and we like Christmas at our home,3,would,would,4,aux,NA,NA,displaced
118,1,alright so what Id like you to do buddy,4,Id,y,0,root,NA,NA,displaced
166,1,yes I yelled at you,3,yelled,yell,0,root,NA,NA,displaced
321,1,youll come over again youll come over again youll come over again,1,youll,youll,2,aux,NA,NA,displaced
130,1,youre coming,1,youre,your,0,root,NA,NA,displaced
602,1,<youre not here with me> = sings,2,youre,your,0,root,NA,NA,present
456,1,so youre not so close,2,youre,your,0,root,NA,NA,present
40,1,youre reading the book,1,youre,your,0,root,NA,NA,present
39,1,youre so cute Lou,1,youre,your,0,root,NA,NA,present
658,1,youve gotta learn,1,youve,youve,0,root,NA,NA,displaced
583,1,youve been so patient,1,youve,youve,4,aux,NA,NA,displaced